image,config,PSNR,SSIM,UCIQE,UIQM
117_img_.png,Full pipeline,19.743953642437766,0.889496606822522,0.3114990526655868,3.368380036075135
117_img_.png,w/o red compensation,19.67939929528511,0.8888488015402976,0.3117056925179915,3.364645819961753
117_img_.png,w/o white balance,19.679840779079857,0.888689665033895,0.3115248233266988,3.3669958095606507
117_img_.png,w/o contrast stretch,18.64849147484865,0.8718640836910204,0.2535642883423604,3.456435959892482
117_img_.png,w/o CLAHE,18.582062261920825,0.8924731531552101,0.3109756575644772,3.327777585237315
121_img_.png,Full pipeline,19.684984345898133,0.8269948508515733,0.3625113464437891,2.5212845948374354
121_img_.png,w/o red compensation,19.79182731024354,0.8209937694609545,0.3660695777163285,2.486217240269177
121_img_.png,w/o white balance,18.76676468033535,0.8212627461223964,0.3637687021532217,2.4654574546023516
121_img_.png,w/o contrast stretch,17.892344029279435,0.836744250447777,0.332965443543314,2.5217951175465148
121_img_.png,w/o CLAHE,30.630052252084408,0.9449609330607844,0.3725198114945563,2.3022306523347167
12299.png,Full pipeline,15.06634002934883,0.7864632180160255,0.296433897121032,2.5021900241741863
12299.png,w/o red compensation,14.998897601986132,0.7852255224342456,0.2962745813474794,2.5160906329710047
12299.png,w/o white balance,15.12694176686705,0.7903098171534486,0.2953954934669026,2.509132086061514
12299.png,w/o contrast stretch,13.359951551754335,0.7245957605050858,0.2728923582291159,2.4366088764903435
12299.png,w/o CLAHE,11.956205848628604,0.6126218597370654,0.3056044075071596,2.256973653287962
12324.png,Full pipeline,13.247454804737052,0.6931468467684364,0.3213611310668216,2.315219685800232
12324.png,w/o red compensation,13.247454804737052,0.6931468467684364,0.3213611310668216,2.315219685800232
12324.png,w/o white balance,13.289293574030426,0.6963654896055046,0.3201906669899249,2.3036274339705907
12324.png,w/o contrast stretch,12.56025018737109,0.6665534391856948,0.3014848335121979,2.27619280793398
12324.png,w/o CLAHE,10.87368330853646,0.5131879973113778,0.3563194362455552,2.179885566074712
123_img_.png,Full pipeline,17.819965275812088,0.8684688056526508,0.3285673921369383,3.336596663810238
123_img_.png,w/o red compensation,17.812985963704786,0.8683191201254356,0.3294580850821825,3.3298616266431647
123_img_.png,w/o white balance,17.818894652552526,0.8688401668998762,0.3291586601553455,3.330903607359946
123_img_.png,w/o contrast stretch,17.441673248895736,0.8552979373244541,0.2341558471871295,3.4087019697617063
123_img_.png,w/o CLAHE,21.636388090612833,0.9431225360878348,0.3334352309631162,3.2772753834095836
131_img_.png,Full pipeline,28.644598816413264,0.95696665642445,0.4201680756167731,3.3267520664461765
131_img_.png,w/o red compensation,28.489473237886305,0.9573031995420388,0.417157664383322,3.280517101754053
131_img_.png,w/o white balance,28.617317253857628,0.9594681702342612,0.417369478437455,3.298090345464221
131_img_.png,w/o contrast stretch,15.136777079511477,0.7782911930278152,0.2053437816933988,2.879753705838156
131_img_.png,w/o CLAHE,21.431824260229728,0.838689154613892,0.4193816829086626,2.6662316858694965
137_img_.png,Full pipeline,16.295055094507514,0.8154526821710152,0.3117422598033096,3.433632180703243
137_img_.png,w/o red compensation,16.227099075480464,0.814950564178824,0.3132983698138503,3.415787503421247
137_img_.png,w/o white balance,16.292630578549314,0.8159448234010492,0.3128782726066006,3.4343280662493485
137_img_.png,w/o contrast stretch,15.23506668001654,0.8111825880599524,0.2033314020179206,3.279955617102088
137_img_.png,w/o CLAHE,20.08350611377043,0.9122745772142428,0.3179901186689218,3.133261522504058
158_img_.png,Full pipeline,18.828108638317207,0.8736992355254655,0.3343002563216788,3.348961808908382
158_img_.png,w/o red compensation,18.862504503884768,0.8752365124886503,0.3333783339688917,3.3480336695292516
158_img_.png,w/o white balance,18.833729155628895,0.8742763672880157,0.3339952537085159,3.34916111557568
158_img_.png,w/o contrast stretch,18.076675320778826,0.8646169846316395,0.2631014226617953,3.494280754402699
158_img_.png,w/o CLAHE,18.92902533918125,0.8733213498135357,0.3211446636928579,3.390209093975169
164_img_.png,Full pipeline,29.08407692886903,0.968659047819766,0.3444443186273373,3.453018067166718
164_img_.png,w/o red compensation,29.051146442992263,0.968398624793021,0.345396488227417,3.4538281499241887
164_img_.png,w/o white balance,30.432424259717894,0.970558735039468,0.3424530532452554,3.4670118229212337
164_img_.png,w/o contrast stretch,19.09669320354621,0.8717781149752101,0.2525653103606944,3.324983429204024
164_img_.png,w/o CLAHE,20.192492355545404,0.8240929564847862,0.3504354346820903,3.1584659287668986
17_img_.png,Full pipeline,21.865887782226157,0.944904793460022,0.3448470846985321,3.206695971588988
17_img_.png,w/o red compensation,21.94942636942335,0.94477955616356,0.3463897864730055,3.177113786760426
17_img_.png,w/o white balance,21.76390552543987,0.9459946442154502,0.3413028588869667,3.219558302936389
17_img_.png,w/o contrast stretch,24.981857095673288,0.972857377733806,0.3028528176107664,3.329928305075346
17_img_.png,w/o CLAHE,22.356596742761656,0.9106410675926944,0.3407621296968183,3.276203041666275
197_img_.png,Full pipeline,17.798928685342265,0.8214013683720639,0.2947384965270099,3.119112480282749
197_img_.png,w/o red compensation,17.581302831195732,0.8068368140308406,0.3008251310197473,3.1282891673712596
197_img_.png,w/o white balance,17.72814010043771,0.8232122477361449,0.2961585154651029,3.1174823519712387
197_img_.png,w/o contrast stretch,17.333616462008756,0.8125562729459447,0.2662028789969177,3.130576555586968
197_img_.png,w/o CLAHE,28.910598777107243,0.9824017472581532,0.3060337030517731,2.792712181096644
214_img_.png,Full pipeline,30.566849899333302,0.9608566302517132,0.3390783226162162,3.268823349433609
214_img_.png,w/o red compensation,30.566849899333302,0.9608566302517132,0.3390783226162162,3.268823349433609
214_img_.png,w/o white balance,30.611663831299975,0.9614493792051644,0.3373368063405867,3.271353325281262
214_img_.png,w/o contrast stretch,17.09510610342804,0.789425239463355,0.1997871308536151,2.995063227702313
214_img_.png,w/o CLAHE,21.784177362703133,0.84308794612246,0.3184641149846451,2.8782112426411106
216_img_.png,Full pipeline,18.60454695137392,0.8726009332186234,0.3102851500084473,3.3032518786982417
216_img_.png,w/o red compensation,18.55201949892099,0.8718451488123096,0.3116162171299077,3.308308109522086
216_img_.png,w/o white balance,18.55315552979529,0.8715812450001038,0.3113449712437658,3.308165671473078
216_img_.png,w/o contrast stretch,17.93087134725881,0.8623026383351123,0.2419638807841102,3.41972551403955
216_img_.png,w/o CLAHE,20.961310757307352,0.9003983613627503,0.3065736793212223,3.253771607091942
219_img_.png,Full pipeline,17.0907540783119,0.872285231989244,0.3432983391254596,3.157133651724142
219_img_.png,w/o red compensation,17.094839706568628,0.8728476553378153,0.3435161404451435,3.1547010385319023
219_img_.png,w/o white balance,16.45643098078285,0.8609944858188446,0.3514811298750367,3.149832714826708
219_img_.png,w/o contrast stretch,17.805727962139024,0.8887707346557109,0.2998044516077205,3.3733551333911165
219_img_.png,w/o CLAHE,20.66779547515023,0.9290691839822998,0.3383443894849499,3.328926285558492
240_img_.png,Full pipeline,22.448984188290332,0.904820721859976,0.3870023532498735,2.6452589647305667
240_img_.png,w/o red compensation,22.028429946191025,0.9035723375275592,0.3910004408408039,2.5855369245387103
240_img_.png,w/o white balance,27.7955246260767,0.9304634092906504,0.3814062110200277,2.662925275004744
240_img_.png,w/o contrast stretch,18.56738234445767,0.8826086132074497,0.3243089871138928,2.6823886557029044
240_img_.png,w/o CLAHE,21.360294785580315,0.864237901097675,0.4040788829170462,2.0851661503381163
261_img_.png,Full pipeline,27.340406275849872,0.9719047198515636,0.313356006053687,3.556250136222244
261_img_.png,w/o red compensation,27.340406275849872,0.9719047198515636,0.313356006053687,3.556250136222244
261_img_.png,w/o white balance,27.25979593583465,0.9721246729889886,0.3125863636286295,3.557829061669791
261_img_.png,w/o contrast stretch,19.588483521860233,0.8530902001157061,0.1870047460644172,3.4239063645167223
261_img_.png,w/o CLAHE,21.080034740282272,0.886173219937306,0.3081625130968348,3.239067291948505
2677.png,Full pipeline,16.519669524981087,0.8098443940453953,0.3115055280142977,3.056842441606853
2677.png,w/o red compensation,16.948605358679444,0.8054288942174459,0.3154776964613114,3.0088176737416577
2677.png,w/o white balance,16.530079115569905,0.8102372862464575,0.3116777775233546,3.046966689740837
2677.png,w/o contrast stretch,18.510482971925292,0.9186335744225912,0.211083751351324,3.067101542578617
2677.png,w/o CLAHE,15.248816293053656,0.886214089056289,0.3106453732957541,2.61595741701895
267_img_.png,Full pipeline,26.130975726279637,0.9549263163992188,0.2863901708406987,3.230782681476535
267_img_.png,w/o red compensation,26.130975726279637,0.9549263163992188,0.2863901708406987,3.230782681476535
267_img_.png,w/o white balance,26.130975726279637,0.9549263163992188,0.2863901708406987,3.230782681476535
267_img_.png,w/o contrast stretch,18.51218466897133,0.8501755144108271,0.1512856915306401,2.776150427753237
267_img_.png,w/o CLAHE,22.440055958384143,0.8649626268543109,0.2935555888737823,2.452794768435525
268_img_.png,Full pipeline,19.93118399102869,0.816940804944073,0.2818453504397541,2.327627224464715
268_img_.png,w/o red compensation,14.878975776468732,0.4892278907218542,0.3345115491483,2.5302443677253064
268_img_.png,w/o white balance,19.756880057964935,0.8138411535196366,0.2802158374081423,2.375091285951487
268_img_.png,w/o contrast stretch,17.159657120321565,0.792501396658623,0.1840140284677503,1.8662243055475796
268_img_.png,w/o CLAHE,30.278584162522083,0.9537019130064128,0.2909888810318936,1.392958564434223
292_img_.png,Full pipeline,25.698095963950077,0.9600401505182458,0.3137629092203814,2.7979546525216277
292_img_.png,w/o red compensation,26.32852025778775,0.9614307865302344,0.3186872239213961,2.8178396959793415
292_img_.png,w/o white balance,27.719743371101533,0.9648318065270652,0.3131710656108304,2.7981463731429064
292_img_.png,w/o contrast stretch,20.571723230206707,0.9339363311752774,0.2604268898154089,2.690595211952284
292_img_.png,w/o CLAHE,23.1369174096552,0.9146502775882848,0.3235214418359596,2.2460604027809516
294_img_.png,Full pipeline,24.12183543805402,0.9387356596267374,0.3880677929218436,2.061380231779441
294_img_.png,w/o red compensation,24.100022537954516,0.9378904405248368,0.3908054510441244,2.06185223443576
294_img_.png,w/o white balance,24.062254490947662,0.9375785342907308,0.390470115468946,2.0692491058382636
294_img_.png,w/o contrast stretch,20.881270560813924,0.9033111612817096,0.305748065391312,2.022712299419391
294_img_.png,w/o CLAHE,20.797628001244615,0.8813059232996112,0.4108486737390368,1.541596457912997
3015.png,Full pipeline,24.755344116851692,0.9522316370666676,0.3320817186936511,2.529977123493698
3015.png,w/o red compensation,25.15866660955179,0.9553724204379614,0.3305373202075324,2.5414433508967895
3015.png,w/o white balance,26.707948062470635,0.9624389115307762,0.3281308317743676,2.5475092940601756
3015.png,w/o contrast stretch,21.36698444754731,0.9239765596044394,0.3026188912414896,2.5131740359203096
3015.png,w/o CLAHE,20.738273567571845,0.9029696733802368,0.3464651954338829,2.2094610256905027
30_img_.png,Full pipeline,19.641561784788973,0.8099755152578547,0.3363372061933792,3.150695777534955
30_img_.png,w/o red compensation,18.853218405979376,0.7586245253522687,0.3505151756380137,2.9453484806420764
30_img_.png,w/o white balance,18.51029576559936,0.8007378607812248,0.3298203989399135,3.0086159339186156
30_img_.png,w/o contrast stretch,18.322298216790426,0.8593604077618586,0.2884346656985193,3.1297419593780016
30_img_.png,w/o CLAHE,27.870127085729827,0.9639642480090864,0.3220393335467241,2.7513238824717368
311_img_.png,Full pipeline,16.609297564987095,0.8310627221445492,0.3055072366173187,3.177442550186279
311_img_.png,w/o red compensation,16.35855981765642,0.8238638219374121,0.3108755507565253,3.1787990890003512
311_img_.png,w/o white balance,16.414123671205658,0.8294211706461564,0.3067109580099129,3.1543242118704775
311_img_.png,w/o contrast stretch,17.89095022743213,0.8766586486476053,0.2522919962635545,3.251441168394093
311_img_.png,w/o CLAHE,23.407622570710668,0.970119089636173,0.3026167325585459,3.069075667209746
325_img_.png,Full pipeline,17.904788505976168,0.8139282104886675,0.304690909124126,2.792206650235182
325_img_.png,w/o red compensation,15.1828156664184,0.6952000575631899,0.3230557642749501,2.6821682898780006
325_img_.png,w/o white balance,17.898709912191325,0.8138799168027294,0.304543271507276,2.7702878155630524
325_img_.png,w/o contrast stretch,16.97270604540263,0.8394576750954638,0.2783098842060028,2.796738540381547
325_img_.png,w/o CLAHE,22.31331687346783,0.9442414753769602,0.316522487528111,2.1596031576239563
32_img_.png,Full pipeline,18.46022878956293,0.8429148574677717,0.3409397786710412,2.922794178670087
32_img_.png,w/o red compensation,16.095729177980513,0.7606515003720057,0.3626506129475668,2.73927556290434
32_img_.png,w/o white balance,19.767821050363285,0.857259419765947,0.3373204445530458,2.9316220196780103
32_img_.png,w/o contrast stretch,17.53264425848108,0.8768808047778104,0.2977507628461691,3.014820367449008
32_img_.png,w/o CLAHE,18.400157851283872,0.8873521429591819,0.3367339205824634,2.74266338266111
359_img_.png,Full pipeline,15.385922307977866,0.6616334777082197,0.384335414442754,2.928780438143788
359_img_.png,w/o red compensation,15.910165323343264,0.6148771476326093,0.3953512080174181,2.691757672247661
359_img_.png,w/o white balance,20.500371240505984,0.7341590330144135,0.3866898640634527,2.7581704195719476
359_img_.png,w/o contrast stretch,13.237577734297778,0.6484756717151074,0.3131132027314501,2.941777903642012
359_img_.png,w/o CLAHE,16.772650025651604,0.8085550522672641,0.38350670255961,2.132978297024533
362_img_.png,Full pipeline,13.806535689810271,0.6528722333939528,0.3255655942716038,2.620673894608502
362_img_.png,w/o red compensation,14.379756534307344,0.5913602347349068,0.3495599401425299,2.515130529443324
362_img_.png,w/o white balance,13.772936371833564,0.652004482410066,0.3255244415261209,2.621489746781384
362_img_.png,w/o contrast stretch,11.98947647132802,0.6622803460212457,0.2458904784149622,2.5339644076585524
362_img_.png,w/o CLAHE,14.777735032200548,0.76181988504317,0.3331225684447133,1.7863454044913336
379_img_.png,Full pipeline,17.335085369968283,0.813466813645964,0.405804793423511,2.526412538332003
379_img_.png,w/o red compensation,17.250539731778215,0.8095263390469385,0.4074172896980679,2.514340645168338
379_img_.png,w/o white balance,17.00703461411061,0.8045937040967451,0.4065502553785463,2.523769446892266
379_img_.png,w/o contrast stretch,27.687898505959264,0.9744228752756904,0.24174324377861,2.392095800400646
379_img_.png,w/o CLAHE,15.167339160138802,0.7601900592127154,0.4378671655643695,2.141896173710565
380_img_.png,Full pipeline,18.03245753201709,0.8132707754663979,0.2801357213600422,2.399976967611367
380_img_.png,w/o red compensation,18.318227254534293,0.8223568436502956,0.2847706460594205,2.45958280155524
380_img_.png,w/o white balance,18.277475941551643,0.8219533549423415,0.2789724387887842,2.4079605221417815
380_img_.png,w/o contrast stretch,16.140390233278453,0.8985098354825564,0.095618440870101,1.480306492048744
380_img_.png,w/o CLAHE,15.97330120375219,0.8639599275762704,0.3012091418963841,1.2636991940445512
383_img_.png,Full pipeline,29.21745280935783,0.9579265278357793,0.3228299435241556,2.984628956314823
383_img_.png,w/o red compensation,30.00911744352734,0.9552481092706628,0.3258232545116578,2.9837189897620977
383_img_.png,w/o white balance,29.14290370809329,0.9607334423177144,0.3240298072240948,2.9974938862080345
383_img_.png,w/o contrast stretch,16.891640026114437,0.7985260185096644,0.176610392692099,2.482708636063186
383_img_.png,w/o CLAHE,21.540240091736248,0.8709363253250934,0.3213381185437959,2.2728656127129367
402_img_.png,Full pipeline,17.10529060070965,0.7935531841143705,0.2914105749363946,2.5734896131254086
402_img_.png,w/o red compensation,18.253236016308453,0.7577918027581934,0.3048700361240871,2.6855630124562535
402_img_.png,w/o white balance,16.993957831468315,0.7923741560169022,0.2910924581486275,2.579522278062828
402_img_.png,w/o contrast stretch,17.198328796721928,0.8437128397354585,0.2283393459599675,2.511304062818944
402_img_.png,w/o CLAHE,19.913800295988224,0.9342013344975172,0.300261303316759,2.0135755235119843
421_img_.png,Full pipeline,15.97956278920766,0.7134409002644831,0.3725210602163628,3.0427480814678014
421_img_.png,w/o red compensation,16.24031530040458,0.6998028459043426,0.3741415194927777,2.971859071336257
421_img_.png,w/o white balance,18.309336161166534,0.7671154700248554,0.3755386872945501,2.9896522623813366
421_img_.png,w/o contrast stretch,14.744489008183733,0.7219764358120021,0.3218224476082291,3.041445785787328
421_img_.png,w/o CLAHE,20.47324368181416,0.90416442530311,0.3920854617532742,2.617120515987321
450_img_.png,Full pipeline,21.210517734283872,0.904974951369366,0.3539982459179431,2.703218784052709
450_img_.png,w/o red compensation,21.300341202073124,0.9120301747507882,0.3589553267267669,2.7039100038320862
450_img_.png,w/o white balance,26.311985532819296,0.9379572980372176,0.3470001815605655,2.6638400495650156
450_img_.png,w/o contrast stretch,18.98332112114739,0.8644828225935058,0.3058591090911731,2.650190075534863
450_img_.png,w/o CLAHE,19.56652351919548,0.8791426162890028,0.3660976198706612,2.2707913960280273
460_img_.png,Full pipeline,20.698412209807906,0.9101442082488131,0.3426855000200246,2.963451769013253
460_img_.png,w/o red compensation,20.68548212821539,0.9235795224571436,0.348980185885961,2.9044159854338485
460_img_.png,w/o white balance,24.633463931822405,0.9323167718644894,0.3429600017353086,2.878358529139686
460_img_.png,w/o contrast stretch,18.277819835237775,0.8866517407724549,0.3148044948531888,2.9702728453161757
460_img_.png,w/o CLAHE,20.292919060133578,0.8426454803450606,0.3482687532650954,2.6254911974675963
481_img_.png,Full pipeline,16.422163677574314,0.682155032656273,0.2970065669028527,3.269485738778453
481_img_.png,w/o red compensation,15.880459722265886,0.6041491047766009,0.3019880373064031,3.0497257428706073
481_img_.png,w/o white balance,16.443844432053545,0.6839751035326461,0.2966675790712461,3.2705968142081265
481_img_.png,w/o contrast stretch,18.01109476623618,0.8820681141215704,0.1907504380622405,3.043439477123974
481_img_.png,w/o CLAHE,17.249705527182638,0.909788862302639,0.2970471910169251,2.914279993039875
484_img_.png,Full pipeline,17.983989509051966,0.8591287265062447,0.2992802242667668,3.1820065166949143
484_img_.png,w/o red compensation,18.12523752468461,0.8582934489113078,0.3010020951798097,3.156848766347629
484_img_.png,w/o white balance,17.924424447846313,0.8579534368462386,0.2977591316284359,3.1953628246221006
484_img_.png,w/o contrast stretch,17.63609824633141,0.8796066144941944,0.2358806061654345,3.324413955435819
484_img_.png,w/o CLAHE,24.753571772393904,0.9319767215999948,0.2944441155988305,3.1478805045935276
490_img_.png,Full pipeline,17.554577353269003,0.7280953636591025,0.3345612819751027,2.8219696750740324
490_img_.png,w/o red compensation,15.99359579768718,0.6039687210949602,0.3367687138848461,2.611491765918201
490_img_.png,w/o white balance,17.73165619614355,0.7396658154805468,0.3347201756991742,2.6939522106214615
490_img_.png,w/o contrast stretch,14.378023924777729,0.7982120686130189,0.2421512380357039,2.6900194482902124
490_img_.png,w/o CLAHE,21.25077799233509,0.9365594699948394,0.3380600898161418,2.257982813783384
494_img_.png,Full pipeline,29.799887863599057,0.9720738293626754,0.3060798819750942,2.476390751633182
494_img_.png,w/o red compensation,29.9311858444663,0.972019956078959,0.3066110606462708,2.5103579914176577
494_img_.png,w/o white balance,29.791797350139458,0.972676093180874,0.3064215252433143,2.4854697535362726
494_img_.png,w/o contrast stretch,23.276510677479905,0.9357619675818136,0.2447711252434538,2.411561275925356
494_img_.png,w/o CLAHE,21.85168902639604,0.8954460369217948,0.3230129403022976,1.842215045873834
49_img_.png,Full pipeline,15.432595760507466,0.6696726481290144,0.36345076223929,3.102902927415838
49_img_.png,w/o red compensation,15.569619057638494,0.6885089055861636,0.3683001854447226,2.891305282976224
49_img_.png,w/o white balance,16.257639565132223,0.6755733207265285,0.3606329541015456,3.093243132856976
49_img_.png,w/o contrast stretch,14.087254234201476,0.700671103012838,0.2994161895729432,3.535938791278748
49_img_.png,w/o CLAHE,21.208400096692724,0.8681819988435816,0.3589397121649355,3.5065973427914128
50_img_.png,Full pipeline,20.32152551346617,0.7994134864767464,0.3240754982884191,2.9621685152291963
50_img_.png,w/o red compensation,19.964980216094897,0.7602128817738333,0.3340701910336537,2.9303571260002044
50_img_.png,w/o white balance,19.919434003158862,0.7982868700993038,0.3244208493813886,2.9872402596237104
50_img_.png,w/o contrast stretch,20.41118405143681,0.8394212137089078,0.2759961723162669,2.9021917197444296
50_img_.png,w/o CLAHE,29.33454383369242,0.9537268855304268,0.3263912110316477,2.458387005840568
511_img_.png,Full pipeline,20.023219224082585,0.7464126410418296,0.4157634984285865,3.015009801569366
511_img_.png,w/o red compensation,20.293094263649316,0.7620540028629575,0.4163331678724895,2.9744713811600345
511_img_.png,w/o white balance,18.444244789874077,0.7435684366128442,0.4141186450950447,2.8734149799520834
511_img_.png,w/o contrast stretch,15.832320409646696,0.7553261356053746,0.317421504030194,3.0345371669749817
511_img_.png,w/o CLAHE,24.5437021304965,0.8633337270628831,0.4207254702166182,2.544549943029397
519_img_.png,Full pipeline,16.967497531412214,0.7309447802724911,0.3275303642368325,2.8696668306233506
519_img_.png,w/o red compensation,13.948809073872637,0.5047597308307258,0.3491453836116014,2.884881220914758
519_img_.png,w/o white balance,17.037209451559235,0.7334192856799687,0.3256951375443512,2.870709355701982
519_img_.png,w/o contrast stretch,14.870329392555572,0.7452280991394696,0.2729693212298913,2.797902253454307
519_img_.png,w/o CLAHE,21.80825336914316,0.8891583817220369,0.3410773004560128,2.2062152181332597
530_img_.png,Full pipeline,19.036354458915728,0.7728139098755028,0.3362354307560804,2.777598941998868
530_img_.png,w/o red compensation,18.673921159858743,0.7524011471528228,0.3381857172719041,2.796969397392256
530_img_.png,w/o white balance,19.04134150501504,0.7743180042515033,0.3379172220572425,2.7794316376578334
530_img_.png,w/o contrast stretch,17.78645789801606,0.8053830832369232,0.2689022322429374,2.6803396063198157
530_img_.png,w/o CLAHE,27.52479884450262,0.9494647775813734,0.352487358135378,2.3302091402306315
539.png,Full pipeline,23.6065062535573,0.9506737089370448,0.3239840470757137,3.0866128325891276
539.png,w/o red compensation,25.312002888103397,0.9550370751168756,0.3338810478599552,3.0447311086955153
539.png,w/o white balance,23.55071564313191,0.9511213769895756,0.3236260099257133,3.088286045425733
539.png,w/o contrast stretch,20.36606517840545,0.93432442444653,0.2668056207167821,3.1008647627652612
539.png,w/o CLAHE,20.453001653416845,0.8874499574430361,0.3219601129981235,2.679933901673502
567_img_.png,Full pipeline,12.416748167179051,0.6331661187400089,0.2832751208510015,1.3180308039666813
567_img_.png,w/o red compensation,12.417241186583643,0.636730241821748,0.2768221715738184,1.298987015562575
567_img_.png,w/o white balance,12.43938506540632,0.6244026903137326,0.2837561850172869,1.349275203000833
567_img_.png,w/o contrast stretch,22.273156960307254,0.9557391731398064,0.070138775307515,0.7216344944068191
567_img_.png,w/o CLAHE,12.26025681049462,0.7670255777539933,0.262717431882443,0.6653304932451827
581_img_.png,Full pipeline,20.055684116015513,0.838146863041823,0.3070045888333746,2.6631179751277156
581_img_.png,w/o red compensation,18.815455440367113,0.8179369808054763,0.3181614851674363,2.693527587034004
581_img_.png,w/o white balance,20.02876034235532,0.8383854106923195,0.3078325954763228,2.6626095314777607
581_img_.png,w/o contrast stretch,25.821967404274417,0.9693982182977048,0.1865412881227041,2.264137854040622
581_img_.png,w/o CLAHE,17.443271166107316,0.8201528714751373,0.3270557038766742,1.8486281347711744
587_img_.png,Full pipeline,17.889515760558016,0.803439540839746,0.2985083502785672,3.2793875911435255
587_img_.png,w/o red compensation,18.20729610996741,0.8054975061042625,0.3031937077457508,3.2269921126772596
587_img_.png,w/o white balance,17.82081064259548,0.8023812746542508,0.2983263701153233,3.28120856767667
587_img_.png,w/o contrast stretch,19.56491662509608,0.8937037613769366,0.2228988432883819,3.3295201373279277
587_img_.png,w/o CLAHE,22.08720551278216,0.9203172959107868,0.2988191051612741,3.01258737051848
598_img_.png,Full pipeline,18.34924634790182,0.867668062190215,0.3094521068846787,3.189253919856207
598_img_.png,w/o red compensation,18.26502523016577,0.8644541746339698,0.3132582419539479,3.1889033720560014
598_img_.png,w/o white balance,18.329142921724188,0.8668835215618578,0.3095040741604677,3.170745565173283
598_img_.png,w/o contrast stretch,16.53022329565054,0.8225419781016651,0.1982802226152001,3.1533124068292757
598_img_.png,w/o CLAHE,17.098796082618584,0.8295334131696804,0.3209604271184579,2.934812969824194
599_img_.png,Full pipeline,19.888348572926237,0.811581291535021,0.3332669680873075,3.054997035875858
599_img_.png,w/o red compensation,19.342475125761652,0.799767098233697,0.33430883909854,3.0180045530058863
599_img_.png,w/o white balance,19.829655155879568,0.8095671682761605,0.3353420199533805,3.036058718884078
599_img_.png,w/o contrast stretch,24.50006529168071,0.9749967352726616,0.1987303129272434,2.791164859041709
599_img_.png,w/o CLAHE,18.152718179549975,0.8591002062393406,0.3365184444111807,2.578649181875571
600_img_.png,Full pipeline,18.01410038112641,0.871490020064145,0.3116396351207602,3.1450189255690537
600_img_.png,w/o red compensation,18.051325330516452,0.8726799095234345,0.3136850409088944,3.1398961964443015
600_img_.png,w/o white balance,18.002383035742643,0.8716588026357431,0.3134852323982237,3.1372401607636333
600_img_.png,w/o contrast stretch,16.090624807821545,0.8016246669365205,0.1923920055125635,3.239418885315061
600_img_.png,w/o CLAHE,22.221610398696967,0.8963393559857628,0.304750239655208,3.072574424649918
605_img_.png,Full pipeline,18.46347925453662,0.843932813190774,0.3129793976615633,3.039326958696074
605_img_.png,w/o red compensation,17.889584239023893,0.8275011241892285,0.318413329770234,2.9961055684784252
605_img_.png,w/o white balance,18.37865427548258,0.8430829962476643,0.3123812077330363,3.045082917855404
605_img_.png,w/o contrast stretch,17.447386357492004,0.8612070591245528,0.2242682171194887,3.1165440109518943
605_img_.png,w/o CLAHE,23.9670455319082,0.9253667541724524,0.310005545702475,2.895603632728525
641_img_.png,Full pipeline,19.831848318848316,0.7327603720318984,0.3298526407620744,2.6805190463488096
641_img_.png,w/o red compensation,19.488529923345386,0.7190533995050344,0.3350051664653923,2.6910140648026823
641_img_.png,w/o white balance,19.675765149280707,0.729764433548191,0.3312245761867324,2.6898617283780304
641_img_.png,w/o contrast stretch,17.87418514235777,0.9140413863310798,0.160150326695522,2.181806831548019
641_img_.png,w/o CLAHE,24.81140601923899,0.93714688876111,0.3339860652452802,2.1085579664112224
645_img_.png,Full pipeline,20.72929962745201,0.8161855419629097,0.3180202594609594,3.3058300649315235
645_img_.png,w/o red compensation,20.02770448288492,0.7885774451766423,0.3237462781544701,3.2076552836183136
645_img_.png,w/o white balance,20.13308826075735,0.8148282405471768,0.3204984407271405,3.274655645480126
645_img_.png,w/o contrast stretch,22.01808744495374,0.8882662284782112,0.2656555803201599,3.3424876001889663
645_img_.png,w/o CLAHE,27.861564977677503,0.9294752350565948,0.3056019372242147,3.0518693697461954
64_img_.png,Full pipeline,20.26398143600482,0.8576145238296481,0.3307453868202856,3.163842810625131
64_img_.png,w/o red compensation,20.897389407186974,0.864113747216991,0.3338863439427404,3.1744563944739177
64_img_.png,w/o white balance,19.780650243914305,0.8582606854706624,0.3330376378004689,3.1302138071882366
64_img_.png,w/o contrast stretch,19.471208702305503,0.8633146748441994,0.3048297817011922,3.1426689386700835
64_img_.png,w/o CLAHE,23.237454192382273,0.9226550104274066,0.3257609412347911,2.8059839336398262
651_img_.png,Full pipeline,17.2947638361379,0.7234686222580785,0.4141509616819081,2.8089425238111483
651_img_.png,w/o red compensation,17.587419024300576,0.722793569656845,0.416379896844531,2.7568187919612597
651_img_.png,w/o white balance,17.295664295665226,0.7352939824933978,0.4097472686474892,2.8213626429233765
651_img_.png,w/o contrast stretch,16.909837421662004,0.738736835809657,0.3630472480585666,2.773061579261862
651_img_.png,w/o CLAHE,28.30874917869504,0.8652456757031733,0.4382004125830079,2.3305602203395885
663_img_.png,Full pipeline,17.441955414594485,0.7699751610468688,0.3200345511725617,3.066379114575412
663_img_.png,w/o red compensation,14.5373262978652,0.5934180200642003,0.3359591499708241,2.827220178310534
663_img_.png,w/o white balance,17.433412722478504,0.7711203699699753,0.3198334491905523,3.0683148616010043
663_img_.png,w/o contrast stretch,18.39711545141402,0.8948118559264775,0.2313783836395174,2.881221410439621
663_img_.png,w/o CLAHE,28.66245742021373,0.9665131434133196,0.3180870369393631,2.4725049524000755
679_img_.png,Full pipeline,23.862590922760543,0.9529015488706748,0.31947463605746,3.093229180507731
679_img_.png,w/o red compensation,23.965588273419307,0.9517494277974268,0.3217054591732149,3.0953711047721053
679_img_.png,w/o white balance,23.945190346778897,0.9530378700139432,0.3196514167416506,3.099736880084401
679_img_.png,w/o contrast stretch,24.77954801562727,0.9601654852327504,0.3042587907030358,3.110085459560384
679_img_.png,w/o CLAHE,21.70448251169098,0.9168406156779912,0.3250526157732463,2.8246144434565257
686_img_.png,Full pipeline,16.867677812424084,0.8513343036713347,0.3172928651114871,2.477644648902213
686_img_.png,w/o red compensation,14.68821072612675,0.7434293011444889,0.3303620015986139,2.2104187601891185
686_img_.png,w/o white balance,18.071996266814686,0.8575478558915605,0.3194549969880018,2.4094424760264452
686_img_.png,w/o contrast stretch,14.296901733088212,0.8510722069600131,0.2818661220049342,2.452879035442047
686_img_.png,w/o CLAHE,17.942568264948594,0.951172519705226,0.284664200178598,2.165508231120419
688_img_.png,Full pipeline,19.83716993920897,0.8284643507560254,0.3954764795506382,2.7671291272726872
688_img_.png,w/o red compensation,19.327348352328993,0.8043663533598607,0.4001917301167419,2.620909405981833
688_img_.png,w/o white balance,19.2652886410584,0.8239438106306808,0.3935353532107078,2.697746268449346
688_img_.png,w/o contrast stretch,17.62717658949778,0.8372076354269717,0.3276669770804324,2.877589238400604
688_img_.png,w/o CLAHE,25.013869307347193,0.9151531466295844,0.3847585924111201,2.666440524887289
691_img_.png,Full pipeline,23.43250178106079,0.9246297880700758,0.3513357726409583,3.0203174291648978
691_img_.png,w/o red compensation,22.70766264910618,0.9187332157178184,0.3486173358097369,3.0237091445875484
691_img_.png,w/o white balance,26.688834426916745,0.938264859611366,0.3476388429944073,3.038016260805799
691_img_.png,w/o contrast stretch,19.492097483060924,0.9106993838076116,0.3344251061033363,2.981470408761098
691_img_.png,w/o CLAHE,21.33122278245758,0.9051385329101408,0.3409215443433251,2.629438377402899
698_img_.png,Full pipeline,20.37370513521211,0.8165903714918811,0.318759074144111,3.206731010367298
698_img_.png,w/o red compensation,20.13656865684578,0.814180365500636,0.3219343641704494,3.2151906278787403
698_img_.png,w/o white balance,20.395480916115616,0.8230243772616195,0.3181665643913186,3.1790385366279295
698_img_.png,w/o contrast stretch,19.09884196362177,0.8310769320092386,0.3066015268408926,3.209935970790049
698_img_.png,w/o CLAHE,33.62348563313467,0.9849091590875596,0.3175975907781413,2.937039675762209
714_img_.png,Full pipeline,18.064695867317845,0.7498320755496248,0.3060371050602037,3.0141165050173746
714_img_.png,w/o red compensation,17.24584730526448,0.6540352956261427,0.3132972245117423,3.01990267136499
714_img_.png,w/o white balance,18.037806730990688,0.7523209839133278,0.3069835651444668,3.018742012019148
714_img_.png,w/o contrast stretch,21.22374774478142,0.8787946810526627,0.2177964881289053,2.778427515881803
714_img_.png,w/o CLAHE,29.16085715943641,0.9272764204126936,0.3054449298119171,2.2596686469440863
719_img_.png,Full pipeline,19.44194958849728,0.8265610788585032,0.3183397153501703,2.11831590361359
719_img_.png,w/o red compensation,9.869411177579224,0.4542204466118795,0.3436308203923643,2.398303028836952
719_img_.png,w/o white balance,19.419607568859565,0.8287945542855549,0.3187724130460759,2.0952090977073903
719_img_.png,w/o contrast stretch,15.833714438009398,0.8019373559792832,0.2230775564910831,1.9687942488150565
719_img_.png,w/o CLAHE,28.404423211882435,0.965292114221194,0.3343235011001222,1.2761355826534473
721_img_.png,Full pipeline,16.46436914599674,0.7144358732175841,0.3604299038572551,2.444845029688538
721_img_.png,w/o red compensation,17.05501262589903,0.7223171200080668,0.3592669124779853,2.3920722694363628
721_img_.png,w/o white balance,18.96294992764037,0.7408622087833764,0.3518997547292217,2.4101222505673365
721_img_.png,w/o contrast stretch,14.43300432037335,0.7056061617921904,0.3336231171058704,2.404761579360223
721_img_.png,w/o CLAHE,15.675566653380573,0.7652528082793246,0.3552312301468586,1.928852883297816
723_img_.png,Full pipeline,16.89865926902386,0.7781182964419991,0.3559832155151395,3.2460650083560356
723_img_.png,w/o red compensation,16.744967545452784,0.7772333170931178,0.3591484202684084,3.2260002699524586
723_img_.png,w/o white balance,16.422253987393802,0.7668883393437534,0.3640733749347958,3.232401534482768
723_img_.png,w/o contrast stretch,17.478537456387937,0.8034905077112823,0.3288030173044145,3.256131927260964
723_img_.png,w/o CLAHE,23.896036818609673,0.9263964825840264,0.3666864657384235,3.0515299761764263
727_img_.png,Full pipeline,18.01033309534912,0.8334963254319777,0.3264197482314324,3.05556176013663
727_img_.png,w/o red compensation,17.83518919864788,0.8255453455491061,0.3284495465750189,3.0004985050754773
727_img_.png,w/o white balance,17.659715383670097,0.8294815508992622,0.3265395736938296,3.028055380441536
727_img_.png,w/o contrast stretch,18.54057413664138,0.8500577254949158,0.3224071571803855,3.1761652706064036
727_img_.png,w/o CLAHE,31.221857295991057,0.9910445559016352,0.3221123799891104,3.3281180883176376
733_img_.png,Full pipeline,19.686428917448943,0.7378366221447759,0.3162771640187579,3.0907593129416924
733_img_.png,w/o red compensation,12.582514294881014,0.6601673173207845,0.3099096344583874,3.1087755662373207
733_img_.png,w/o white balance,19.71311141242638,0.7401698866078573,0.315305335564124,3.0983968122505425
733_img_.png,w/o contrast stretch,13.119029056751506,0.829831752778304,0.2002884789874438,2.914983883314304
733_img_.png,w/o CLAHE,22.54645686461565,0.9357745093225815,0.309236999109661,2.4243629812002156
738_img_.png,Full pipeline,12.647207062604744,0.7067135129402985,0.3276006491167738,2.9055388341002972
738_img_.png,w/o red compensation,12.921450198928383,0.7118222311908782,0.3292140819286696,2.901683645052109
738_img_.png,w/o white balance,13.114288942872342,0.7159556699580062,0.3226909467304161,2.9145895514256335
738_img_.png,w/o contrast stretch,12.549489009937544,0.7090831789669014,0.3171628489584935,2.880375576593506
738_img_.png,w/o CLAHE,13.211953422198553,0.8211560803513659,0.3376967772456972,2.5199862632817
73_img_.png,Full pipeline,20.89536036531234,0.872935347010421,0.3442159353359162,2.703709744307102
73_img_.png,w/o red compensation,21.19896063257564,0.8674122554697107,0.3468228818221452,2.6527097888785893
73_img_.png,w/o white balance,20.756405070263707,0.8755011373662019,0.3444747940917093,2.6905456624514117
73_img_.png,w/o contrast stretch,19.63702434988,0.884460078883698,0.3005625919595882,2.65097263687269
73_img_.png,w/o CLAHE,31.5089805615375,0.974748677053687,0.3497703805020079,2.3314613494264633
744_img_.png,Full pipeline,24.970741946821473,0.9520534322063896,0.3040104405827886,2.776169620856452
744_img_.png,w/o red compensation,25.1885783718607,0.9525104726595588,0.304417110579317,2.7786144120309544
744_img_.png,w/o white balance,25.025834474139103,0.9535789738909514,0.3040814897841676,2.77652539191865
744_img_.png,w/o contrast stretch,24.190358535803792,0.9553517813435252,0.2967269941406203,2.785911494279388
744_img_.png,w/o CLAHE,23.763979546730013,0.9438202176519024,0.3117916377383874,2.3980495348106965
746_img_.png,Full pipeline,26.33226240826145,0.969945895664816,0.3038589424729062,3.2387612232591936
746_img_.png,w/o red compensation,26.41802234249811,0.9695811441070472,0.3052436410529844,3.243382585025889
746_img_.png,w/o white balance,27.398835560018263,0.9721117629607304,0.303285157926533,3.250668231550925
746_img_.png,w/o contrast stretch,24.480266042682373,0.9659972189829932,0.2991905966022851,3.238129970194879
746_img_.png,w/o CLAHE,18.441046878112385,0.8366240417583418,0.3002550464838278,2.8940607786796715
74_img_.png,Full pipeline,14.009873480903073,0.5656784212611659,0.3690315432295132,3.3556889632315476
74_img_.png,w/o red compensation,13.00866019564454,0.5379648716079243,0.361806541927668,3.348446105483999
74_img_.png,w/o white balance,14.819924037694602,0.5870824789054839,0.3695331836342527,3.3300947348165515
74_img_.png,w/o contrast stretch,11.785222192958368,0.6675884606988781,0.1962421979933982,2.9995580177184493
74_img_.png,w/o CLAHE,14.665143103653987,0.7793962317424278,0.3785588677944569,2.743577085300599
754_img_.png,Full pipeline,19.52099161496611,0.8188687457202389,0.3269118948505122,2.8479727935434074
754_img_.png,w/o red compensation,19.114061650816144,0.8073126292570597,0.3283411160521577,2.8593436662990497
754_img_.png,w/o white balance,18.92243941988814,0.8198939594069148,0.3250990352285839,2.8259937409485416
754_img_.png,w/o contrast stretch,17.548318987886912,0.8292715487015383,0.30517912396089,2.852101595379675
754_img_.png,w/o CLAHE,26.416861518969043,0.9499869654360316,0.3311055663840142,2.1716887921289656
758_img_.png,Full pipeline,21.31767593152229,0.9473322929635476,0.3021173577140258,2.600020540756181
758_img_.png,w/o red compensation,22.45826330860119,0.9527162224801274,0.3031885137917708,2.6142754105606185
758_img_.png,w/o white balance,27.635978644981044,0.965186198346562,0.3024156868612043,2.5797284251054737
758_img_.png,w/o contrast stretch,19.221125591984695,0.9418277951864004,0.2830882723142861,2.601853766219344
758_img_.png,w/o CLAHE,19.154180763246,0.8496431326368397,0.3097591255066371,1.774715650912734
764_img_.png,Full pipeline,15.570633003646629,0.7746335729909136,0.2904578889796098,3.1865922374047084
764_img_.png,w/o red compensation,15.64507911718172,0.7761474100058484,0.2901954208198031,3.186015389792617
764_img_.png,w/o white balance,15.585738453752857,0.7749839000532837,0.2908319657907532,3.187957881571758
764_img_.png,w/o contrast stretch,15.60573363101737,0.7756919159466625,0.2833039841565383,3.2106165234133495
764_img_.png,w/o CLAHE,15.638136274141072,0.8161087022274193,0.2945775922058766,2.965709275224591
7654.png,Full pipeline,19.2643898834741,0.8458492675523828,0.2966458755100148,3.0993322700761348
7654.png,w/o red compensation,10.641940789177166,0.6118469605444236,0.3497775351825859,2.594465863935277
7654.png,w/o white balance,19.201847462566924,0.8442962274389226,0.296843807565239,3.098887572315115
7654.png,w/o contrast stretch,17.950004351081038,0.9257102152961908,0.2332932911714649,3.1169539795188363
7654.png,w/o CLAHE,23.669716466499104,0.9726624259615732,0.2927485491829103,2.683928864554904
765_img_.png,Full pipeline,20.44987914686903,0.9337963194935198,0.3048534819850892,3.323743999125507
765_img_.png,w/o red compensation,20.49344610051957,0.932221918402884,0.3055669662555098,3.295465275299573
765_img_.png,w/o white balance,20.44739180543463,0.933982215251294,0.3049049435672631,3.3223265677707063
765_img_.png,w/o contrast stretch,20.61589264266354,0.9379021514002372,0.2965443899998115,3.371480531657107
765_img_.png,w/o CLAHE,17.049799264767245,0.9102169409352174,0.3108545787856779,3.274201226999997
769_img_.png,Full pipeline,17.743709400949374,0.8968486802093044,0.3290072832613824,3.1241424344472986
769_img_.png,w/o red compensation,17.830530890225603,0.8978290058410122,0.3294713306214765,3.1307281502770508
769_img_.png,w/o white balance,17.864454116098017,0.8931507137063402,0.3461599134507518,3.0768612973967997
769_img_.png,w/o contrast stretch,17.546669231198194,0.8945239167460796,0.3003014887674307,3.166442843072133
769_img_.png,w/o CLAHE,12.843129594987095,0.7604487423985619,0.3130147524926918,2.926384191632566
777_img_.png,Full pipeline,18.86884810083124,0.849566564432826,0.2941547278024595,3.3861149767515877
777_img_.png,w/o red compensation,18.718989785389095,0.8462751904341395,0.2960797502209373,3.3659639489780315
777_img_.png,w/o white balance,18.76718168017611,0.8488294275764399,0.2945506870686153,3.3812711311525003
777_img_.png,w/o contrast stretch,18.62216874188643,0.85438024614957,0.2680771477194144,3.40261330312904
777_img_.png,w/o CLAHE,23.33405662827683,0.9334744438860222,0.2914330261650004,3.246605368606118
778_img_.png,Full pipeline,18.929178350960836,0.8721628117521784,0.2963336895921019,3.2877537040067093
778_img_.png,w/o red compensation,18.885157527073233,0.8727038856886841,0.2975539976428081,3.2813040922940537
778_img_.png,w/o white balance,18.91015484547841,0.871830409826786,0.2961238612234582,3.275096794790274
778_img_.png,w/o contrast stretch,18.90844415508169,0.8807678021726959,0.2666387437661353,3.351150624157924
778_img_.png,w/o CLAHE,22.126097450602792,0.945571440078462,0.2930288374732352,3.1687445034954367
779_img_.png,Full pipeline,18.62503287067181,0.8710193651876678,0.3168494298634051,3.0766672339469663
779_img_.png,w/o red compensation,18.541984171589505,0.8698405723643612,0.3175491271217195,3.091585169011129
779_img_.png,w/o white balance,18.614484834717647,0.8702022094021237,0.3164332031521982,3.0881336897933895
779_img_.png,w/o contrast stretch,18.26063702544898,0.8690176455865561,0.2624294053627843,3.16204946411796
779_img_.png,w/o CLAHE,20.607606579741734,0.918311603926823,0.309943805523116,2.966521959533946
780_img_.png,Full pipeline,17.2431085424876,0.779441008182148,0.3139770637736275,3.21725432001882
780_img_.png,w/o red compensation,17.013573609071297,0.7747920621684591,0.3182946032527186,3.2293784440201696
780_img_.png,w/o white balance,17.240841027451303,0.779184496178225,0.3142063525571557,3.214780730143546
780_img_.png,w/o contrast stretch,17.90595180600032,0.8197696367510187,0.2604462467997111,3.174875672264988
780_img_.png,w/o CLAHE,20.185991967829835,0.9066170776601296,0.3128397828076991,2.908862022835415
792_img_.png,Full pipeline,19.62322932328412,0.7887845969626834,0.3451043332733472,3.184457486797442
792_img_.png,w/o red compensation,19.45203511658582,0.7815187256862073,0.3467493662959707,3.1534309547490347
792_img_.png,w/o white balance,19.49583646932243,0.7885710842520353,0.3426918428008908,3.1784417823355087
792_img_.png,w/o contrast stretch,20.035169434195694,0.8178720870303479,0.3369740424196561,3.2323506941663345
792_img_.png,w/o CLAHE,41.31668383899742,0.9954657282750716,0.3338563862867876,3.097514521543138
79_img_.png,Full pipeline,25.367712479606116,0.9523377165771184,0.3291656624081421,3.314495770906503
79_img_.png,w/o red compensation,25.25333855317474,0.9515634665712388,0.3306561559659404,3.313137265554675
79_img_.png,w/o white balance,25.580710967051616,0.9535519272951316,0.3290422528094465,3.3099291149136434
79_img_.png,w/o contrast stretch,22.19122639781591,0.9537168169189724,0.3069373376013157,3.3019243890625134
79_img_.png,w/o CLAHE,24.621923516669423,0.9116372157708844,0.3259861575032743,3.0841670180216596
803_img_.png,Full pipeline,26.636903068640216,0.9706336382099444,0.3103862369410261,3.2949679841319837
803_img_.png,w/o red compensation,26.69878514179861,0.9711686372421672,0.3096359442378786,3.297601466927615
803_img_.png,w/o white balance,26.704591782199497,0.9710739076080876,0.3115451495530617,3.2948931583284713
803_img_.png,w/o contrast stretch,25.599637144005616,0.964359537744608,0.2779028604972862,3.355391894206295
803_img_.png,w/o CLAHE,19.6796566352389,0.8641380352136564,0.312142877939039,3.205496037519919
816_img_.png,Full pipeline,17.584592608200317,0.8123569980634123,0.3431123163376828,3.0142599105796055
816_img_.png,w/o red compensation,17.341505138239928,0.8002633389545663,0.3478015504997579,3.061672970257112
816_img_.png,w/o white balance,17.295721966194655,0.8089251376643541,0.3377847869754858,3.0416996019560503
816_img_.png,w/o contrast stretch,16.97624100509159,0.8062159414652651,0.3143329002379819,2.9408902406366573
816_img_.png,w/o CLAHE,26.466422132174067,0.9785535807776428,0.348325872549527,2.5294549001165354
823_img_.png,Full pipeline,16.61780065601028,0.7532963901043209,0.3453884869147635,2.806570714180802
823_img_.png,w/o red compensation,16.490486079800863,0.7498288198197495,0.3481524865385793,2.804399169410239
823_img_.png,w/o white balance,17.504932861048108,0.7692660884829121,0.3416840797033787,2.8039229670316494
823_img_.png,w/o contrast stretch,16.25373513783835,0.7536515317049116,0.3314053216901363,2.8265263107407192
823_img_.png,w/o CLAHE,20.257775053380183,0.8925277695680848,0.3440603724934425,2.656292476933259
841_img_.png,Full pipeline,26.90246859709621,0.965605141414806,0.4150733357441591,3.161377385451236
841_img_.png,w/o red compensation,26.5219557441987,0.9641552625741164,0.4168842000456043,3.122379474211024
841_img_.png,w/o white balance,26.840499591247593,0.9663670164812688,0.4151672338706487,3.151666455663097
841_img_.png,w/o contrast stretch,17.85018633837555,0.9433189733844048,0.3412329000980614,3.133363404922981
841_img_.png,w/o CLAHE,22.32432252064261,0.9159270783538068,0.4115232645670754,2.5702688626251184
844_img_.png,Full pipeline,18.5554354729261,0.8187730796578127,0.3309405630188272,2.984881486505107
844_img_.png,w/o red compensation,16.05858864680218,0.737788616736602,0.3535399889381306,2.8414697634231043
844_img_.png,w/o white balance,19.68544902139265,0.8367769019923545,0.3327036819737869,2.9768757276402735
844_img_.png,w/o contrast stretch,16.241281855372833,0.8312706712872032,0.3060335327549693,2.880425359315281
844_img_.png,w/o CLAHE,27.175910730731857,0.9445301868520376,0.3434054607641864,2.374217475300412
850_img_.png,Full pipeline,12.006151003817363,0.7645999521799395,0.2961817385002034,2.497720880530391
850_img_.png,w/o red compensation,14.205119281487136,0.4773550483118483,0.3310350206040764,2.830541285433153
850_img_.png,w/o white balance,11.946294128227578,0.7638273933811887,0.2968726850750542,2.503221110102613
850_img_.png,w/o contrast stretch,11.32307239221606,0.7490359449584649,0.1932552670549107,2.172092971702373
850_img_.png,w/o CLAHE,11.496107325267207,0.8074563660355505,0.3118596984722644,1.8348338984544077
855_img_.png,Full pipeline,19.61292295833865,0.8030539609167304,0.3112981496137431,3.013487067357606
855_img_.png,w/o red compensation,19.49600929188652,0.7414450436364947,0.3251375341512015,2.991983939299035
855_img_.png,w/o white balance,19.60169172295165,0.8061804963345692,0.3118720300358708,3.004479729332849
855_img_.png,w/o contrast stretch,14.720208035587564,0.8246131568479015,0.2069784981903858,2.7762351335101876
855_img_.png,w/o CLAHE,23.219704440080427,0.9526826436450256,0.3205393028267858,2.1880673192992535
856_img_.png,Full pipeline,16.353165355167345,0.80205851529788,0.3240908791818183,2.9981601973312335
856_img_.png,w/o red compensation,16.39107784873365,0.8004936826894994,0.3252070572679175,3.0097882599791035
856_img_.png,w/o white balance,16.220441305358552,0.8053606140988423,0.324759380697533,2.959839581096104
856_img_.png,w/o contrast stretch,17.830592920240306,0.8171977589140833,0.3003688656808644,2.9860991813310855
856_img_.png,w/o CLAHE,17.75351278765442,0.8620792214027286,0.3300049507633905,2.631905318389874
863_img_.png,Full pipeline,20.616370413304654,0.8452613564595328,0.3357515308022831,3.1033047528504536
863_img_.png,w/o red compensation,20.20420441134522,0.825243394198111,0.3369736652802565,3.055482992359602
863_img_.png,w/o white balance,20.312736798041666,0.8387642947910323,0.3335709902662641,3.058876138321862
863_img_.png,w/o contrast stretch,18.846609031221952,0.8716133667336811,0.3105750780950083,3.0940766288983608
863_img_.png,w/o CLAHE,28.616767997961233,0.984611140865629,0.3228267848497428,2.7548652944058007
867_img_.png,Full pipeline,18.432361037445897,0.8309162682911752,0.3112642678537893,2.3456184525139325
867_img_.png,w/o red compensation,13.339760829064756,0.5300651384734297,0.3275761795130502,2.2419158329614897
867_img_.png,w/o white balance,18.361379044767947,0.8308879625357829,0.311685240075465,2.343658698718831
867_img_.png,w/o contrast stretch,16.608667754690366,0.8640113627074159,0.2295266855083461,2.18254102188778
867_img_.png,w/o CLAHE,20.16552808618592,0.9365498284537712,0.3060366274292,1.6212978371043525
876_img_.png,Full pipeline,20.847083746377855,0.8455957384342906,0.3049680424830003,2.9261239081028743
876_img_.png,w/o red compensation,20.688983956904536,0.8457146837994993,0.3098941900027899,2.899754641507926
876_img_.png,w/o white balance,20.853963334442447,0.8469231724602287,0.3050880497914534,2.9152563588797036
876_img_.png,w/o contrast stretch,19.043544161001684,0.8524817583682847,0.2783244232768304,2.8954163871467884
876_img_.png,w/o CLAHE,31.934040318448833,0.9864007101369584,0.3130236748863704,2.482059841331397
880_img_.png,Full pipeline,18.222251672639572,0.7538056468336144,0.3247301232980338,3.103028046685812
880_img_.png,w/o red compensation,18.109547394537053,0.7526759698174535,0.3293514203738418,3.0489622477666485
880_img_.png,w/o white balance,18.220163867687727,0.7535148699996884,0.3248394690548418,3.110256848957935
880_img_.png,w/o contrast stretch,17.11233535373776,0.7902447645499074,0.2589487024272177,3.1163191879418033
880_img_.png,w/o CLAHE,35.64677999226604,0.942172463425709,0.3470663218952894,2.791451668361622
890.png,Full pipeline,18.945437912302665,0.7906600378624189,0.2810459390443606,2.6210007231728505
890.png,w/o red compensation,18.012220007080156,0.7726889708447389,0.2910367442399766,2.6339198329850255
890.png,w/o white balance,18.918262142981995,0.7931886665141805,0.2830259192018649,2.614648343697437
890.png,w/o contrast stretch,15.050784332590071,0.8956355036631432,0.1719115398395972,2.3508151700672597
890.png,w/o CLAHE,21.762947054110025,0.9477117307786777,0.2867067723504126,1.6884218933466002
907_img_.png,Full pipeline,26.532808570579288,0.9403720135566304,0.3126657370881288,3.1691804430248536
907_img_.png,w/o red compensation,26.01827692629862,0.9378238770586104,0.3135503258102188,3.1660619191483375
907_img_.png,w/o white balance,26.33766345900051,0.9474989513372803,0.3133009372876826,3.141520122997008
907_img_.png,w/o contrast stretch,16.472905952138266,0.685147844017696,0.1179022532931664,2.251947513226119
907_img_.png,w/o CLAHE,21.174697681587208,0.8742482213263058,0.3168084931777931,2.0535583735315117
913_img_.png,Full pipeline,19.37727431900486,0.7762905539777282,0.3299158039120448,3.299964010360058
913_img_.png,w/o red compensation,18.67315206945809,0.7519368615097313,0.340108179903919,3.2589480242237725
913_img_.png,w/o white balance,17.426134079913375,0.7796413773990322,0.3306422615061851,3.2294686689887775
913_img_.png,w/o contrast stretch,18.54094560949997,0.7653214479073239,0.2905233215926789,3.427479457198743
913_img_.png,w/o CLAHE,28.700935593767063,0.9195342710098848,0.3408625305932707,3.2200645114942077
