image,method,time_ms,PSNR,SSIM,UCIQE,UIQM
117_img_.png,Raw input,0.0002919696271419525,16.621570769347823,0.6916456413731565,0.18906198937100008,3.100213288715396
117_img_.png,HE (RGB),2.509749960154295,21.29424133133908,0.9421200139287809,0.3385048473642365,3.394816941632912
117_img_.png,HE (Luminance),1.9298330880701542,20.343153870903265,0.9097261101977651,0.30885389235000643,3.2364885193039603
117_img_.png,CLAHE,2.6892093010246754,18.616051243489462,0.8708900475733925,0.2542785853898206,3.452658037116243
117_img_.png,Gray-World WB,5.249250214546919,16.609397603162783,0.6919523354163695,0.18832055979278464,3.1054025824541642
117_img_.png,Underwater WB,7.743250112980604,16.618511889666763,0.6930218210990259,0.18811814376081168,3.1035548276814238
117_img_.png,Pipeline (WB + CLAHE),14.877290930598974,19.743953642437766,0.889496606822522,0.3114990526655868,3.368380036075135
117_img_.png,Reference,0.001125037670135498,,,0.34679151911060957,3.2800332476255676
121_img_.png,Raw input,0.0008749775588512421,19.03577256391469,0.9307527196375025,0.34866749374058054,2.285490548175164
121_img_.png,HE (RGB),1.0085832327604294,20.42296314513341,0.8729960337888397,0.3698648982930484,2.382885266110643
121_img_.png,HE (Luminance),1.3378746807575226,21.28397371261738,0.9278966763967595,0.36663004292036555,2.1828375271614737
121_img_.png,CLAHE,1.953792292624712,17.48608520315337,0.8183620069953599,0.35516115247460267,2.393470860397501
121_img_.png,Gray-World WB,4.268582910299301,18.366015248120547,0.9198285222270323,0.33197073843346026,2.2902823444958176
121_img_.png,Underwater WB,6.683125160634518,19.407064787583938,0.9170715978083087,0.33040401654822904,2.347302495393012
121_img_.png,Pipeline (WB + CLAHE),12.799165677279234,19.684984345898133,0.8269948508515733,0.36251134644378913,2.5212845948374354
121_img_.png,Reference,0.08695805445313454,,,0.37291554391295817,2.4226496773628576
12299.png,Raw input,0.0006672926247119904,10.185900487343378,0.49822182083204575,0.25045535836739735,2.2484294832352463
12299.png,HE (RGB),1.1674999259412289,21.974239812877027,0.9395846378401272,0.3105183028187518,2.111193920896177
12299.png,HE (Luminance),1.4783749356865883,21.28368892171483,0.9110244885339266,0.29169470508605144,2.0975430716202332
12299.png,CLAHE,1.2918747961521149,13.35334794336228,0.7294712456628636,0.27454329671382843,2.4361510241072493
12299.png,Gray-World WB,3.9625419303774834,10.15961935143383,0.48971556578986203,0.2464731807781574,2.236382379114581
12299.png,Underwater WB,5.26450015604496,10.184051266207758,0.49150197575113275,0.24622491372609784,2.2394425416572714
12299.png,Pipeline (WB + CLAHE),9.831625036895275,15.06634002934883,0.7864632180160255,0.296433897121032,2.5021900241741863
12299.png,Reference,0.0008754432201385498,,,0.32564210173661473,2.347308841069692
12324.png,Raw input,0.00041676685214042664,10.195457619928645,0.47770772081054386,0.32721604766816415,2.1827164142819844
12324.png,HE (RGB),0.9462907910346985,21.46539662550952,0.9344517373509147,0.33531072304581927,2.015234259872802
12324.png,HE (Luminance),0.6610839627683163,21.215666605385948,0.8911558555496888,0.3013174282204902,1.9341882784019995
12324.png,CLAHE,1.0437499731779099,12.512854614911666,0.6683030214262163,0.3000287116371645,2.2849310900637736
12324.png,Gray-World WB,4.05683321878314,10.164898623799832,0.4728671532289648,0.3232483353640122,2.167333228625396
12324.png,Underwater WB,5.198417231440544,10.164898623799832,0.4728671532289648,0.3232483353640122,2.167333228625396
12324.png,Pipeline (WB + CLAHE),11.582542210817337,13.247454804737053,0.6931468467684364,0.3213611310668216,2.315219685800232
12324.png,Reference,0.016416888684034348,,,0.3249907402540298,2.190799094707456
123_img_.png,Raw input,0.0007082708179950714,14.190832078659152,0.6549753970890458,0.1560345798416621,2.885223119861091
123_img_.png,HE (RGB),1.5469170175492764,21.294740623009254,0.9441001157573984,0.3478723101124063,3.287427673493367
123_img_.png,HE (Luminance),1.0383748449385166,19.452276497811248,0.8939059669361559,0.319310149451442,3.1941470092304427
123_img_.png,CLAHE,1.8970840610563755,17.392300456863282,0.8552452917074936,0.23378291871801243,3.4012404064075707
123_img_.png,Gray-World WB,4.881666973233223,14.283422485467836,0.6569296665215955,0.15712471042695292,2.892551772120109
123_img_.png,Underwater WB,7.912541273981333,14.294978608044438,0.6550385412825396,0.15689534880025444,2.8899108919472445
123_img_.png,Pipeline (WB + CLAHE),16.31750026717782,17.819965275812088,0.8684688056526508,0.3285673921369383,3.336596663810238
123_img_.png,Reference,0.44408300891518593,,,0.3524839339869936,3.174033813359957
131_img_.png,Raw input,0.44175004586577415,15.243971829509738,0.5780776767348632,0.17323721532314187,2.072459836265858
131_img_.png,HE (RGB),2.030957955867052,13.444641475753228,0.722832742256541,0.40127191624124914,3.069971202877855
131_img_.png,HE (Luminance),1.1328747496008873,13.080762409909568,0.7018433899155762,0.3579203212210573,2.7449882839417823
131_img_.png,CLAHE,1.5886249020695686,17.055897478764162,0.8025010546350041,0.236260681423105,2.783468160224286
131_img_.png,Gray-World WB,4.737665876746178,14.109346912849691,0.5671447946772603,0.14877442134545818,2.161781460958962
131_img_.png,Underwater WB,6.883916910737753,13.714267092522714,0.5599686136766612,0.1475377346041483,2.134119826228757
131_img_.png,Pipeline (WB + CLAHE),15.38737490773201,28.644598816413264,0.9569666564244499,0.42016807561677316,3.3267520664461765
131_img_.png,Reference,0.09133294224739075,,,0.41218231012204576,3.300761359529824
137_img_.png,Raw input,0.023916829377412796,13.860244863295225,0.6228697550107419,0.1582483168079446,2.605160705015711
137_img_.png,HE (RGB),1.0523749515414238,21.293573033487082,0.9399039318229926,0.34566034918343275,3.185532388917177
137_img_.png,HE (Luminance),1.5323339030146599,18.27733888427521,0.8734427404199597,0.32908677590427304,3.0941804545216964
137_img_.png,CLAHE,1.5447917394340038,14.813818927037694,0.808175158142196,0.2117011699063543,3.2522569179424243
137_img_.png,Gray-World WB,4.774167202413082,14.28415937245667,0.6284925298061994,0.15232065627575397,2.6337744998271
137_img_.png,Underwater WB,8.39437497779727,14.18521916336555,0.6259327198070072,0.15189607442232075,2.6267280060174465
137_img_.png,Pipeline (WB + CLAHE),14.144666958600283,16.295055094507514,0.8154526821710152,0.3117422598033096,3.433632180703243
137_img_.png,Reference,0.000500120222568512,,,0.34787142491718526,3.1444236290446783
158_img_.png,Raw input,0.001041218638420105,15.798602607902081,0.6723936440722961,0.19142871734999517,3.128240178041329
158_img_.png,HE (RGB),1.3131662271916866,21.26673302552905,0.9450401562836008,0.3713693330489982,3.5094293468191644
158_img_.png,HE (Luminance),1.4925836585462093,18.277184445955196,0.880183062576775,0.32178065841848474,3.2347141310931344
158_img_.png,CLAHE,1.1517079547047615,18.043888355063082,0.8633318595019746,0.2625581587314429,3.484058669584398
158_img_.png,Gray-World WB,4.735458176583052,15.821144891139161,0.6714279677402462,0.19172895278965518,3.130573921607981
158_img_.png,Underwater WB,7.277041207998991,15.866520308566061,0.674248829126587,0.19102802825920395,3.134834929964223
158_img_.png,Pipeline (WB + CLAHE),15.995291993021965,18.828108638317207,0.8736992355254655,0.33430025632167887,3.348961808908382
158_img_.png,Reference,0.0009997747838497162,,,0.36980401642900407,3.3564240336812086
164_img_.png,Raw input,0.0004172325134277344,15.082957627147962,0.6307909933783367,0.2034026036292102,2.7278341701663464
164_img_.png,HE (RGB),1.2071249075233936,14.873809357672307,0.8170898636423676,0.3759242494871282,3.3346240072878786
164_img_.png,HE (Luminance),1.178208738565445,14.623732189795176,0.8268522325478075,0.3314448581377791,3.2064883942840225
164_img_.png,CLAHE,1.6280417330563068,19.559424272401422,0.8761036509107555,0.25486264604024933,3.3353844901549103
164_img_.png,Gray-World WB,4.831125028431416,14.97476246519193,0.6282879701159642,0.20215690419360455,2.734397905047018
164_img_.png,Underwater WB,8.126874919980764,14.869506766617665,0.6277043387705342,0.2028220732196409,2.7294818140105734
164_img_.png,Pipeline (WB + CLAHE),13.631749898195267,29.08407692886903,0.968659047819766,0.3444443186273373,3.453018067166718
164_img_.png,Reference,0.0010416842997074127,,,0.3404846715224721,3.49161553124247
17_img_.png,Raw input,0.0005830079317092896,19.62427049144981,0.8482230605247604,0.27293311558336103,3.3130885532870717
17_img_.png,HE (RGB),1.4888746663928032,17.311536736740802,0.8873471092968482,0.37809810824787626,3.5616077410571263
17_img_.png,HE (Luminance),0.5909590981900692,15.636047317726716,0.8531316244395217,0.34462175900100767,3.076895831657768
17_img_.png,CLAHE,1.9892500713467598,20.707463950497434,0.9516074394327169,0.3112289610297976,3.2478921194460364
17_img_.png,Gray-World WB,4.284875001758337,22.05799146816783,0.86433940056162,0.2665964061408608,3.3480288048017126
17_img_.png,Underwater WB,6.07762485742569,22.02676953289639,0.8665540634633007,0.2649227748818133,3.3436435539436964
17_img_.png,Pipeline (WB + CLAHE),11.96483289822936,21.865887782226157,0.944904793460022,0.3448470846985321,3.206695971588988
17_img_.png,Reference,0.4470418207347393,,,0.2781647239141414,3.3800458479786473
197_img_.png,Raw input,0.0002919696271419525,20.129091014879524,0.9101411153354589,0.284778918109327,2.7514426690069493
197_img_.png,HE (RGB),0.5273330025374889,20.52073843800372,0.8910565815837508,0.3046367580271178,2.917415203070089
197_img_.png,HE (Luminance),0.8921250700950623,18.571654778945167,0.8305960278460098,0.33016511766331247,2.6975339577970496
197_img_.png,CLAHE,1.3960003852844238,15.436761224953772,0.7842979418187302,0.2965040124446573,2.8610910187670253
197_img_.png,Gray-World WB,3.0391672626137733,22.00217467107359,0.9042175810408373,0.2557112596865157,2.791287103044273
197_img_.png,Underwater WB,3.8069579750299454,22.22655150587306,0.9015950282244063,0.254053291458404,2.772681127751591
197_img_.png,Pipeline (WB + CLAHE),7.889792323112488,17.798928685342265,0.8214013683720639,0.29473849652700995,3.119112480282749
197_img_.png,Reference,0.4530418664216995,,,0.3083249116681521,2.870838366225584
214_img_.png,Raw input,0.00041583552956581116,14.40778852869202,0.5017689802712685,0.11666527031438181,2.339972843045355
214_img_.png,HE (RGB),1.262499950826168,16.07025998401951,0.8372624394708872,0.3710964966856156,3.3148579586200295
214_img_.png,HE (Luminance),1.5347502194344997,14.16618427395657,0.7828009145954716,0.3160500995823968,2.9861347398030995
214_img_.png,CLAHE,1.5404578298330307,17.176406160604607,0.7891000243858456,0.19920357225321914,2.9867694465964405
214_img_.png,Gray-World WB,5.14195766299963,14.39215461201904,0.5030893983990254,0.1171018672304523,2.3455007930619582
214_img_.png,Underwater WB,7.018208969384432,14.39215461201904,0.5030893983990254,0.1171018672304523,2.3455007930619582
214_img_.png,Pipeline (WB + CLAHE),14.737874735146761,30.566849899333306,0.9608566302517133,0.3390783226162162,3.268823349433609
214_img_.png,Reference,0.08233310654759407,,,0.32650612672295465,3.39112330162859
216_img_.png,Raw input,0.0002919696271419525,16.24892430982981,0.675286116329064,0.19911915724668297,3.132190370665887
216_img_.png,HE (RGB),1.7931251786649227,21.29794295878757,0.9463740657578409,0.327471915182063,3.3915709464978945
216_img_.png,HE (Luminance),1.1058342643082142,21.858581950155617,0.9309713376681389,0.3120455809007019,3.2766905554487322
216_img_.png,CLAHE,1.2330831959843636,17.99347858263033,0.8636092925820605,0.2584558526681401,3.4076566370174484
216_img_.png,Gray-World WB,5.008958280086517,16.26404594310164,0.6763722185795475,0.1815732086200961,3.1299869275700223
216_img_.png,Underwater WB,8.09504184871912,16.239428126199215,0.6756314297612818,0.18042793623513592,3.1276984695532093
216_img_.png,Pipeline (WB + CLAHE),15.273792203515768,18.60454695137392,0.8726009332186234,0.31028515000844736,3.3032518786982417
216_img_.png,Reference,0.1066671684384346,,,0.3402433574717406,3.2592216539351058
219_img_.png,Raw input,0.13108272105455399,17.75104195105681,0.8189812973501728,0.2984154789267609,3.4527160184336294
219_img_.png,HE (RGB),1.734292134642601,21.2846323655136,0.9535273959170306,0.3711034549819402,3.53040583224183
219_img_.png,HE (Luminance),1.5569999814033508,20.1019490381036,0.9073456054541899,0.3643245653318463,2.9892445077774297
219_img_.png,CLAHE,1.2655002065002918,15.954578611652305,0.8533561756610796,0.3481334878966211,3.159363668618677
219_img_.png,Gray-World WB,5.2588339895009995,19.099498709477313,0.8394784053167496,0.24570135271684457,3.464975716143749
219_img_.png,Underwater WB,7.586375344544649,19.178802015551145,0.8398852372544634,0.24523341285860947,3.461087943069637
219_img_.png,Pipeline (WB + CLAHE),15.175041742622852,17.0907540783119,0.872285231989244,0.34329833912545965,3.157133651724142
219_img_.png,Reference,0.48079201951622963,,,0.36962637385148206,3.231926246046282
240_img_.png,Raw input,0.4320000298321247,23.266861410809597,0.8119967586706269,0.33475781286289447,2.002427012486961
240_img_.png,HE (RGB),1.0630423203110695,15.565266870764706,0.704786829950725,0.3738678059526255,2.3364374849076643
240_img_.png,HE (Luminance),1.2078331783413887,14.768667040135565,0.7351264217299344,0.36004609506726487,1.9236983884603012
240_img_.png,CLAHE,1.0190410539507866,26.441989579826334,0.9230239011429302,0.33503720417057864,2.5729125688085994
240_img_.png,Gray-World WB,4.6299174427986145,17.380779771635215,0.7675938901254075,0.32642430636768094,2.0673581621669124
240_img_.png,Underwater WB,6.5369997173547745,17.984897305300485,0.8336967420805647,0.32047101024725866,2.1061743233810297
240_img_.png,Pipeline (WB + CLAHE),11.805542279034853,22.448984188290332,0.9048207218599761,0.38700235324987353,2.6452589647305667
240_img_.png,Reference,0.09624985978007317,,,0.3837265852186824,2.5831627588188613
261_img_.png,Raw input,0.4548327997326851,14.842963701271497,0.5406312535531678,0.12724297208712262,2.7890562189809565
261_img_.png,HE (RGB),1.176958903670311,16.92706323047606,0.8864989048220493,0.3373789808489967,3.2777548209355323
261_img_.png,HE (Luminance),1.3775001280009747,17.138837146259213,0.8743997653413973,0.30289809705667425,3.257630348275483
261_img_.png,CLAHE,1.6168328002095222,19.473959427822297,0.8544879677513606,0.19566269537013023,3.4238848871781187
261_img_.png,Gray-World WB,5.346791818737984,14.945566653784939,0.5409216829958877,0.12003591829379615,2.768479327973167
261_img_.png,Underwater WB,7.714834064245224,14.945566653784939,0.5409216829958877,0.12003591829379615,2.768479327973167
261_img_.png,Pipeline (WB + CLAHE),15.846249647438526,27.340406275849872,0.9719047198515637,0.313356006053687,3.556250136222244
261_img_.png,Reference,0.025957822799682617,,,0.308891953334415,3.481539753604375
2677.png,Raw input,0.3886669874191284,14.713905711264253,0.6342666074899828,0.19247580616943805,2.5569677121260486
2677.png,HE (RGB),0.7273750379681587,13.106620862508738,0.7876737205162404,0.35682464563874255,2.9005619830239446
2677.png,HE (Luminance),0.5935407243669033,13.96766269014641,0.788409246583759,0.32560496593503496,2.6874740316789705
2677.png,CLAHE,1.2827501632273197,23.299846920845773,0.9574359167417817,0.22861244071807274,2.899014054676612
2677.png,Gray-World WB,3.973250277340412,13.421468249920864,0.638778211138927,0.18038091858738237,2.5198988196144105
2677.png,Underwater WB,5.611000116914511,14.076431650172232,0.6792031609441566,0.16337316257555404,2.5752478897906457
2677.png,Pipeline (WB + CLAHE),10.83337515592575,16.519669524981087,0.8098443940453953,0.31150552801429776,3.056842441606853
2677.png,Reference,0.43733278289437294,,,0.22888353395725305,3.079968109236804
267_img_.png,Raw input,0.020791776478290558,16.72164413164928,0.5869059601585634,0.11410936898836702,1.958242353231981
267_img_.png,HE (RGB),1.908792182803154,19.009244178911526,0.855092177388031,0.3195375158124713,2.590943231856955
267_img_.png,HE (Luminance),1.726916991174221,18.63289545510758,0.8557201514700198,0.29984707593410614,2.7009861991106776
267_img_.png,CLAHE,1.469666138291359,18.540616171231555,0.8506852070768313,0.15210443870491572,2.7594385176485776
267_img_.png,Gray-World WB,5.566874984651804,16.699844912257504,0.5869200159580586,0.11431502498963697,1.9589196086360567
267_img_.png,Underwater WB,7.740207947790623,16.699844912257504,0.5869200159580586,0.11431502498963697,1.9589196086360567
267_img_.png,Pipeline (WB + CLAHE),16.001957934349775,26.130975726279637,0.9549263163992189,0.2863901708406987,3.230782681476535
267_img_.png,Reference,0.4382501356303692,,,0.28996134637995596,3.097532580511637
268_img_.png,Raw input,0.0009592622518539429,13.978866285585651,0.5478928762152574,0.21571930279906432,1.0082581392337406
268_img_.png,HE (RGB),1.4576669782400131,10.606318613689966,0.5370108629988001,0.3747841453728353,1.9231693069124103
268_img_.png,HE (Luminance),1.840416807681322,10.904995708487544,0.6228909601558699,0.3127119248579527,1.3580539396612914
268_img_.png,CLAHE,1.1237501166760921,14.738065231385802,0.6727173668256293,0.24736472264429787,1.6922684586776664
268_img_.png,Gray-World WB,5.0074998289346695,14.743727955024866,0.5863756898454379,0.23308452235349286,1.6179254909774747
268_img_.png,Underwater WB,7.534958887845278,18.288781030534555,0.7981256325995059,0.14498775380904566,1.0718950035091026
268_img_.png,Pipeline (WB + CLAHE),12.59641582146287,19.931183991028686,0.816940804944073,0.2818453504397541,2.327627224464715
268_img_.png,Reference,0.026582740247249603,,,0.2918602964899553,1.927756847740849
292_img_.png,Raw input,0.00045821070671081543,22.029388832791838,0.8739166753179828,0.27620814279303674,2.289192874889943
292_img_.png,HE (RGB),0.22420892491936684,21.430758564503655,0.890796668648019,0.3385740309850831,2.4219400347559676
292_img_.png,HE (Luminance),0.22341730073094368,22.484149403546006,0.8713481571016696,0.33940832792893316,2.338213994695177
292_img_.png,CLAHE,0.5877083167433739,24.980041385042377,0.9533297418723142,0.2816699399258944,2.698859326222432
292_img_.png,Gray-World WB,0.8316249586641788,20.369027242108313,0.8652074750579647,0.2527132428526596,2.2585555329763936
292_img_.png,Underwater WB,1.1338749900460243,19.5643448196355,0.8586429616386724,0.25016311455875573,2.2648274017335
292_img_.png,Pipeline (WB + CLAHE),2.6286249049007893,25.698095963950077,0.9600401505182458,0.3137629092203814,2.7979546525216277
292_img_.png,Reference,0.10033277794718742,,,0.31928153600630677,2.760121885125174
294_img_.png,Raw input,0.0007078051567077637,15.780746751672526,0.7143173597042892,0.3014247922732419,1.5831958919764677
294_img_.png,HE (RGB),0.19066687673330307,11.357199868296235,0.6563235026890853,0.3410929828133679,1.775339637218434
294_img_.png,HE (Luminance),0.15458418056368828,11.127404533059835,0.6495187942693521,0.30519018042128415,1.591006146811198
294_img_.png,CLAHE,0.4990827292203903,22.062646639094197,0.9171552665598094,0.32460189374646864,2.049747041592224
294_img_.png,Gray-World WB,0.6667906418442726,15.538697451242264,0.708562350484383,0.2779006045938276,1.6078083973640724
294_img_.png,Underwater WB,1.0401662439107895,15.55687912135272,0.7095267425877054,0.27796872842195863,1.6046040479403525
294_img_.png,Pipeline (WB + CLAHE),2.5404999032616615,24.12183543805402,0.9387356596267374,0.3880677929218436,2.061380231779441
294_img_.png,Reference,0.0003748573362827301,,,0.357657142130681,1.397072639573559
3015.png,Raw input,0.0007501803338527679,22.147385635541564,0.8916806122446669,0.30128003074463033,2.290402793156627
3015.png,HE (RGB),0.9844587184488773,15.213317015733994,0.7998141601300506,0.36141867839449515,2.3638098584033655
3015.png,HE (Luminance),1.3694576919078827,15.220128790888477,0.8075499158168357,0.32682939609732153,2.2131141931405858
3015.png,CLAHE,1.4720000326633453,24.203551570410077,0.9421746484894444,0.3074488794380602,2.538523616944932
3015.png,Gray-World WB,3.9268340915441513,20.39776599105719,0.8748382803799397,0.2946481768973417,2.271824992243343
3015.png,Underwater WB,5.339582916349173,20.349298309579634,0.8743571961793876,0.2928672768425601,2.267212520538961
3015.png,Pipeline (WB + CLAHE),12.67520897090435,24.755344116851692,0.9522316370666676,0.3320817186936511,2.529977123493698
3015.png,Reference,0.0007920898497104645,,,0.332272510573849,2.49248833833452
30_img_.png,Raw input,0.0007082708179950714,15.75666136540623,0.7621881936083659,0.23983254758223096,2.571678070464026
30_img_.png,HE (RGB),0.8503329008817673,17.88708091224036,0.6967534051914187,0.3658674152896074,3.2185567847017547
30_img_.png,HE (Luminance),1.1672917753458023,15.771262357492652,0.6821821290648425,0.3287084043921326,2.347529427997112
30_img_.png,CLAHE,1.3983752578496933,15.024281170497648,0.727103254148203,0.3074420344169835,2.4969552805648045
30_img_.png,Gray-World WB,4.8034158535301685,18.313390773008717,0.7554738876172015,0.23668043061763888,2.6519547980780556
30_img_.png,Underwater WB,7.078582886606455,17.353529303822704,0.8568950433050461,0.21002729780451068,2.643364436098453
30_img_.png,Pipeline (WB + CLAHE),14.458917081356049,19.641561784788973,0.8099755152578547,0.3363372061933792,3.150695777534955
30_img_.png,Reference,0.026790890842676163,,,0.3153010744412002,3.024392362043603
311_img_.png,Raw input,0.3220001235604286,22.195663758819965,0.9322172375391805,0.26629074226466537,3.1174746112128995
311_img_.png,HE (RGB),0.11895783245563507,18.09337366160716,0.8554433003047404,0.32782789682022095,3.1833720186248846
311_img_.png,HE (Luminance),0.38216589018702507,16.838221515995468,0.8226665601962901,0.345841589843652,2.7271172075412307
311_img_.png,CLAHE,0.417166855186224,16.42219987170043,0.8620204212587034,0.29524070258845925,3.1926212667881355
311_img_.png,Gray-World WB,0.8428748697042465,21.746219275963536,0.9333124991440069,0.22140382232531516,3.118771013743217
311_img_.png,Underwater WB,1.0177907533943653,22.320438237352658,0.9346595770711175,0.21981434282989393,3.105205687373972
311_img_.png,Pipeline (WB + CLAHE),2.608582843095064,16.609297564987095,0.8310627221445492,0.30550723661731877,3.177442550186279
311_img_.png,Reference,0.09629176929593086,,,0.3185493345716141,2.879351773425372
325_img_.png,Raw input,0.0006249174475669861,12.476852817727405,0.7251541071636485,0.3242070090889175,1.9993488844669796
325_img_.png,HE (RGB),0.1550000160932541,15.708568415739713,0.7214538670810132,0.3665064262440313,2.2629260310790764
325_img_.png,HE (Luminance),0.1404997892677784,15.280951956273759,0.7873952378811682,0.3490336462799084,1.9680617795982327
325_img_.png,CLAHE,0.7568341679871082,13.567869358006208,0.7405442153301675,0.32595939571187366,2.466218490825113
325_img_.png,Gray-World WB,0.8340002968907356,13.418721079609234,0.7384065077395755,0.29195341620236337,2.0472297566617037
325_img_.png,Underwater WB,1.3269158080220222,18.270104824840068,0.9155202870977647,0.2702536020689648,2.1957214886280667
325_img_.png,Pipeline (WB + CLAHE),2.554084174335003,17.904788505976168,0.8139282104886675,0.304690909124126,2.792206650235182
325_img_.png,Reference,0.12125028297305107,,,0.3207574859700655,2.263262823525478
32_img_.png,Raw input,0.1117093488574028,18.366721990580356,0.7088289453997952,0.25676700870708746,2.492359336730251
32_img_.png,HE (RGB),0.7762499153614044,14.394616223119797,0.7118586405554813,0.35610844513583895,3.036375119979181
32_img_.png,HE (Luminance),1.1875838972628117,15.037835182643812,0.8080977085425577,0.35096423399100657,2.4628325054593763
32_img_.png,CLAHE,2.132750116288662,21.06268337859823,0.8642363886491505,0.3135197793311735,2.7239971697424457
32_img_.png,Gray-World WB,4.2133331298828125,14.148106994438614,0.643884642164291,0.28851109722366386,2.5721799121555984
32_img_.png,Underwater WB,6.656249985098839,17.426341414774097,0.8333678974116631,0.244481006029941,2.725545619787579
32_img_.png,Pipeline (WB + CLAHE),14.571583364158869,18.460228789562926,0.8429148574677717,0.34093977867104125,2.922794178670087
32_img_.png,Reference,0.45908428728580475,,,0.26212883109352836,3.0837603170249754
359_img_.png,Raw input,0.4067090339958668,22.71449242050741,0.7855261243836095,0.37462935023875876,1.8196259236280765
359_img_.png,HE (RGB),0.29354216530919075,12.658030620984812,0.5470388141776077,0.382728119507051,2.147787490255885
359_img_.png,HE (Luminance),0.1433752477169037,14.6294993171632,0.6482674193840121,0.37661584880726073,2.0495372678522834
359_img_.png,CLAHE,0.45108282938599586,21.382893953454474,0.7283484438650908,0.38825846685066195,2.619640514656078
359_img_.png,Gray-World WB,0.8776248432695866,13.263032968232519,0.6826962882615574,0.33816300855914005,1.9400259999558052
359_img_.png,Underwater WB,1.2001250870525837,13.676959554422279,0.7536294263437067,0.3096309467044511,2.095803075233106
359_img_.png,Pipeline (WB + CLAHE),3.6117080599069595,15.385922307977866,0.6616334777082197,0.384335414442754,2.928780438143788
359_img_.png,Reference,0.0004996545612812042,,,0.3894596151774427,2.262160559480521
362_img_.png,Raw input,0.0003334134817123413,14.019338890152284,0.7069662347940463,0.3029253245465593,1.5441731261933
362_img_.png,HE (RGB),0.3231246955692768,11.740710895866828,0.6230286885157638,0.3863024586263158,2.079424460628241
362_img_.png,HE (Luminance),0.7159579545259476,15.578211554426918,0.6892120997171899,0.3710151464794197,1.763732390857316
362_img_.png,CLAHE,0.571833923459053,17.44640805601222,0.7505228806896808,0.3324204071166255,2.3166109263730084
362_img_.png,Gray-World WB,0.9950418025255203,10.047738296184182,0.5029373192526624,0.288075509780752,1.83958828620549
362_img_.png,Underwater WB,1.1483333073556423,11.147967038714825,0.6283854654135473,0.19607274599976604,1.899971178244118
362_img_.png,Pipeline (WB + CLAHE),3.2470417208969593,13.806535689810271,0.6528722333939528,0.3255655942716038,2.620673894608502
362_img_.png,Reference,0.025166664272546768,,,0.3301854862101107,1.9766033462902457
379_img_.png,Raw input,0.011833850294351578,20.72746160317042,0.8778588926720258,0.21464880517115048,1.7964192533208143
379_img_.png,HE (RGB),1.2785829603672028,14.494434167346464,0.7589683436072899,0.3815539307075472,2.398859440141519
379_img_.png,HE (Luminance),1.0664579458534718,13.314051743582079,0.7338368283534048,0.3432853433844021,2.1722691456769283
379_img_.png,CLAHE,1.0167500004172325,22.75831524047166,0.9650468645819322,0.2570311682733167,2.354588944303859
379_img_.png,Gray-World WB,3.6826659925282,22.98745814582479,0.8856091452867565,0.19998594327334862,1.8137838846818939
379_img_.png,Underwater WB,5.684582982212305,22.794443187518926,0.8850730046391259,0.2006915502849997,1.8058618784831186
379_img_.png,Pipeline (WB + CLAHE),10.408292058855295,17.335085369968283,0.813466813645964,0.40580479342351106,2.526412538332003
379_img_.png,Reference,0.4620002582669258,,,0.22952585190239813,2.2541692393947885
380_img_.png,Raw input,0.0007497146725654602,12.230081558047525,0.7196644925973862,0.14491286411235538,0.8363585610853561
380_img_.png,HE (RGB),1.9186660647392273,13.722465788440543,0.7591540811521827,0.3259492860331127,1.6204976106754043
380_img_.png,HE (Luminance),1.19012501090765,11.666705617588837,0.6522013827351906,0.309198200879229,1.320452409485686
380_img_.png,CLAHE,1.3494580052793026,12.197304226079256,0.7416774765010109,0.16593289142467837,1.383086155727801
380_img_.png,Gray-World WB,4.242040682584047,21.59694018531628,0.8633069683572329,0.12035380597734993,0.9312177463478064
380_img_.png,Underwater WB,8.163167163729668,14.924455782251966,0.7823476343191823,0.07603103607594472,0.7848074425238782
380_img_.png,Pipeline (WB + CLAHE),13.581125065684319,18.03245753201709,0.8132707754663979,0.2801357213600422,2.399976967611367
380_img_.png,Reference,0.08933385834097862,,,0.18074510842861272,1.934936102844607
383_img_.png,Raw input,0.014124903827905655,14.433925880673335,0.5677064509176598,0.16593835509567173,1.7888929363470512
383_img_.png,HE (RGB),1.734000165015459,16.914859255754145,0.8338366925912629,0.3746188708110411,2.5732143039262194
383_img_.png,HE (Luminance),1.1198329739272594,15.987794696230612,0.7905783674196131,0.36139809308436266,2.2262417372996337
383_img_.png,CLAHE,1.9108331762254238,16.31974778099077,0.8115935008826859,0.2316291597821907,2.50014515469357
383_img_.png,Gray-World WB,5.125249736011028,14.68998093537894,0.5741853415219538,0.11675949096912683,1.7598336391447367
383_img_.png,Underwater WB,8.294207975268364,14.799159163454386,0.5717295638255419,0.11396200591860337,1.7505647795688284
383_img_.png,Pipeline (WB + CLAHE),14.835915993899107,29.21745280935783,0.9579265278357791,0.32282994352415567,2.984628956314823
383_img_.png,Reference,0.44120801612734795,,,0.32192121318011496,3.0156135096927024
402_img_.png,Raw input,0.0012922100722789764,16.53858414983543,0.7921629868100903,0.2568709175382717,2.0100534796847453
402_img_.png,HE (RGB),1.893125008791685,15.93996176775429,0.7786697597741751,0.3461682343410036,2.284108584976088
402_img_.png,HE (Luminance),1.5364168211817741,16.74703305648299,0.8427719555945575,0.3309208986262692,1.9821844665925799
402_img_.png,CLAHE,2.463041804730892,16.103751100194753,0.7679054280885174,0.27703467877953714,2.331351210230241
402_img_.png,Gray-World WB,3.0524171888828278,17.345534107379173,0.837929316427264,0.20881360999652382,1.997781315732067
402_img_.png,Underwater WB,4.829916171729565,19.146307008788067,0.9011372704737436,0.1985076364177783,1.973791426151265
402_img_.png,Pipeline (WB + CLAHE),9.189166128635406,17.10529060070965,0.7935531841143705,0.2914105749363946,2.5734896131254086
402_img_.png,Reference,0.34454185515642166,,,0.28742376051119617,2.2375037501458492
421_img_.png,Raw input,0.44499989598989487,22.308427929329923,0.8937885637522794,0.3829958411715404,2.491341761573605
421_img_.png,HE (RGB),0.24629104882478714,12.390967625657758,0.6598292428796925,0.3519758508358815,2.4781755112210258
421_img_.png,HE (Luminance),0.5355840548872948,13.733150993303333,0.7437871001348757,0.3392434790275881,2.488909299922362
421_img_.png,CLAHE,0.5303751677274704,18.929527510079183,0.7855259024434645,0.3718176118865219,2.906634125472702
421_img_.png,Gray-World WB,0.9088329970836639,16.186687813213474,0.8340218969166185,0.3366292663261289,2.3295535049654745
421_img_.png,Underwater WB,1.1796667240560055,16.504428188566592,0.8594683450841357,0.3357411127141807,2.6273387997063598
421_img_.png,Pipeline (WB + CLAHE),2.963667269796133,15.979562789207659,0.7134409002644831,0.3725210602163628,3.0427480814678014
421_img_.png,Reference,0.09329104796051979,,,0.39227693025350296,2.7416511509856507
450_img_.png,Raw input,0.0004172325134277344,21.600225735418384,0.8543322819496822,0.2990777725935679,2.1917361927253536
450_img_.png,HE (RGB),1.1367914266884327,15.134716527572516,0.7949536840535275,0.3886963867678196,2.357176091529349
450_img_.png,HE (Luminance),0.7568751461803913,15.355754555995254,0.7728933197212816,0.34746227137433905,2.1901595898520725
450_img_.png,CLAHE,1.9026249647140503,23.86409219563435,0.9064097452470401,0.31260436133893077,2.5963202245867283
450_img_.png,Gray-World WB,5.14616584405303,17.820575342198566,0.8186611295687819,0.29342688480304685,2.2116230316902548
450_img_.png,Underwater WB,7.421624846756458,17.754353891940852,0.8071270521058821,0.2903883260404296,2.1829103405348467
450_img_.png,Pipeline (WB + CLAHE),12.949083000421524,21.210517734283872,0.9049749513693661,0.3539982459179431,2.703218784052709
450_img_.png,Reference,0.36283303052186966,,,0.34399435897228287,2.6586244539917043
460_img_.png,Raw input,0.0005420297384262085,20.647425195346617,0.7760518833010238,0.3230941675671469,2.5685124572618037
460_img_.png,HE (RGB),0.2232920378446579,16.411532185879285,0.784734245511458,0.38890832336984404,2.8348770370925003
460_img_.png,HE (Luminance),0.22141681984066963,16.802751255280292,0.794723671682704,0.35425201087772823,2.4643164170098997
460_img_.png,CLAHE,0.6096246652305126,26.222280731039632,0.9448913008796477,0.333329846860773,2.73936207610116
460_img_.png,Gray-World WB,0.7229996845126152,16.213772353617387,0.7398051747002058,0.3056601171960823,2.600215372970324
460_img_.png,Underwater WB,1.2237499468028545,17.51994150951443,0.7809816524123421,0.2964321668869243,2.7586750417644583
460_img_.png,Pipeline (WB + CLAHE),2.5914576835930347,20.698412209807906,0.9101442082488133,0.3426855000200246,2.963451769013253
460_img_.png,Reference,0.10245805606245995,,,0.3456423354219107,2.9284278789417617
481_img_.png,Raw input,0.000791158527135849,16.160358722672484,0.8169758749655296,0.19905522210376297,2.492099456820655
481_img_.png,HE (RGB),0.7461667992174625,13.613830010754604,0.6031401170010094,0.38490056460523103,3.6447773184999743
481_img_.png,HE (Luminance),0.838207546621561,13.768057126906923,0.5207570264291511,0.3329311433982407,2.5120651928726088
481_img_.png,CLAHE,1.5476248227059841,14.36535346449566,0.73357243763428,0.23992871621457992,2.599030728598918
481_img_.png,Gray-World WB,3.322749864310026,17.08060947113594,0.8164831600458475,0.1465199986024586,2.7373140185265545
481_img_.png,Underwater WB,7.243584375828505,17.5430063697279,0.8678400678250964,0.1494107849132461,2.4866230682053336
481_img_.png,Pipeline (WB + CLAHE),14.970832969993353,16.422163677574314,0.682155032656273,0.2970065669028527,3.269485738778453
481_img_.png,Reference,0.4505002871155739,,,0.25997911330879286,2.902845125629823
484_img_.png,Raw input,0.0006249174475669861,14.536556047523902,0.7293505119592711,0.21992233374273748,3.0091440681113673
484_img_.png,HE (RGB),1.6041668131947517,21.020173120538153,0.9443075137388092,0.31923157651305545,3.1910093444436916
484_img_.png,HE (Luminance),1.468874979764223,17.45683034240456,0.8406985172785513,0.3254664564750998,2.7130109436361005
484_img_.png,CLAHE,1.17220776155591,15.199109165769265,0.8314430298962789,0.2831192893575306,2.8855431966528027
484_img_.png,Gray-World WB,6.094417069107294,16.963952860571013,0.7519032136182036,0.18626325408886055,3.101947980728932
484_img_.png,Underwater WB,9.730250108987093,15.811411876593501,0.7342326438690465,0.17548805992919378,3.03225518681006
484_img_.png,Pipeline (WB + CLAHE),27.959624771028757,17.983989509051966,0.8591287265062447,0.2992802242667668,3.1820065166949143
484_img_.png,Reference,0.13508275151252747,,,0.32783409455869145,3.1562755679091605
490_img_.png,Raw input,0.3009997308254242,15.095099164437935,0.7641682101040175,0.2425798960747097,2.207422918106684
490_img_.png,HE (RGB),0.7128338329494,12.105959637044508,0.5300731051101245,0.395433159448605,3.105930157473507
490_img_.png,HE (Luminance),1.381583046168089,13.836947266377669,0.4634665653215882,0.3403941505216519,2.05648334293829
490_img_.png,CLAHE,1.3787918724119663,13.924671067536842,0.6509918800047847,0.27274008250120574,2.1393827497485267
490_img_.png,Gray-World WB,4.7558750957250595,13.96695693566106,0.7582703051231595,0.2254007367754415,2.445004420227913
490_img_.png,Underwater WB,5.970249883830547,15.444571425322186,0.9132916311618625,0.21115946703489122,2.1383899396981865
490_img_.png,Pipeline (WB + CLAHE),11.014166753739119,17.554577353269003,0.7280953636591025,0.33456128197510276,2.8219696750740324
490_img_.png,Reference,0.36675017327070236,,,0.26202430897688567,2.360307723895178
494_img_.png,Raw input,0.0782497227191925,19.22154578179399,0.8124748158516715,0.24167067484271665,1.7441229244243
494_img_.png,HE (RGB),0.8333330042660236,18.31927331519904,0.9010811940092932,0.33390930589516055,1.8876165847683697
494_img_.png,HE (Luminance),1.0048751719295979,17.163751071592934,0.8979542541436487,0.31892279074350127,1.8474518970422673
494_img_.png,CLAHE,0.9949170053005219,21.574621980580027,0.9284624721957876,0.2591229027335086,2.3963222082633386
494_img_.png,Gray-World WB,3.569041844457388,20.214193961400724,0.8172332558611782,0.22794778919845785,1.7346094583866905
494_img_.png,Underwater WB,5.160624627023935,20.221597079027468,0.8173031040672313,0.2289425803599834,1.7385407220569427
494_img_.png,Pipeline (WB + CLAHE),9.763458743691444,29.799887863599057,0.9720738293626754,0.3060798819750942,2.476390751633182
494_img_.png,Reference,0.0006668269634246826,,,0.3112552572035557,2.429977532192436
49_img_.png,Raw input,0.0006668269634246826,21.939634150511612,0.8448351249727031,0.29774701890599253,3.069444738431427
49_img_.png,HE (RGB),0.6356663070619106,12.3300111661266,0.7029798836783923,0.339768693717837,3.5217427287287477
49_img_.png,HE (Luminance),0.6092917174100876,12.825754295312308,0.5977442388110272,0.3568331886638312,2.824491771316162
49_img_.png,CLAHE,0.9871250949800014,16.933788719576643,0.7026208219095942,0.34303015161616757,3.077976620869821
49_img_.png,Gray-World WB,4.95879165828228,15.4011180548874,0.7844065842850503,0.28472758340235976,3.1310005069588214
49_img_.png,Underwater WB,6.82487478479743,15.639712852818967,0.7660042184605392,0.26599394605452825,3.517319251698732
49_img_.png,Pipeline (WB + CLAHE),15.7065000385046,15.432595760507466,0.6696726481290144,0.36345076223929007,3.102902927415838
49_img_.png,Reference,0.5355416797101498,,,0.3369468154537617,3.08495185518421
50_img_.png,Raw input,0.0004163011908531189,17.400749435312374,0.7588507533911905,0.27596528646664553,2.366314596349701
50_img_.png,HE (RGB),1.8391669727861881,15.10330843089547,0.6882193512860636,0.34796707765684964,2.7720714653336067
50_img_.png,HE (Luminance),1.2503331527113914,15.018993405418861,0.7716012043618393,0.3265846271626583,2.3463709805164847
50_img_.png,CLAHE,1.253833994269371,17.027177217785866,0.775581359790866,0.3062442853191275,2.652585914308112
50_img_.png,Gray-World WB,4.746416583657265,18.831534881313893,0.7727762230751717,0.2746582803308677,2.450111792911332
50_img_.png,Underwater WB,7.324375212192535,21.127673663500886,0.8772232915051331,0.2516911956578203,2.4351402308033214
50_img_.png,Pipeline (WB + CLAHE),13.613708782941103,20.32152551346617,0.7994134864767464,0.3240754982884191,2.9621685152291963
50_img_.png,Reference,0.09562494233250618,,,0.3238887897213084,2.6418156916623015
511_img_.png,Raw input,0.0007906928658485413,19.5057929218652,0.9141052055418782,0.3376404777184045,2.4318904400621983
511_img_.png,HE (RGB),1.6547921113669872,16.043906204780175,0.7201282247163813,0.39995650308386216,2.922665178254593
511_img_.png,HE (Luminance),1.2352908961474895,18.786857377782617,0.792696146347487,0.4084865565035669,2.4225230748418083
511_img_.png,CLAHE,1.146417111158371,17.268292298179745,0.773152552054364,0.3613441181579839,2.6622763862983048
511_img_.png,Gray-World WB,6.056417245417833,16.780479760102672,0.840149825583885,0.3015781763496784,2.4820378790857442
511_img_.png,Underwater WB,7.175709120929241,17.049557661352072,0.800052016120191,0.2990367825941813,2.493824301630832
511_img_.png,Pipeline (WB + CLAHE),14.88020783290267,20.023219224082585,0.7464126410418296,0.41576349842858656,3.015009801569366
511_img_.png,Reference,0.455459114164114,,,0.4134135789112281,2.667200890875864
519_img_.png,Raw input,0.0005420297384262085,12.715865636519615,0.672115939933564,0.312376736176838,1.7092616553438444
519_img_.png,HE (RGB),1.6512922011315823,14.373846319699052,0.6713032487418141,0.37277487560591693,2.3488594848325755
519_img_.png,HE (Luminance),2.1630418486893177,13.634669529991799,0.7032658612633244,0.3504659135450788,1.7827209152582149
519_img_.png,CLAHE,1.4519579708576202,12.648589462412003,0.6826416627265184,0.3189716595891192,2.36686967175455
519_img_.png,Gray-World WB,4.858083091676235,13.863031492119639,0.6281732203406244,0.29011652273023814,2.1931171992394805
519_img_.png,Underwater WB,6.651750300079584,16.621221570783632,0.810322445493457,0.2681906773004034,2.056161164006898
519_img_.png,Pipeline (WB + CLAHE),14.45904141291976,16.967497531412214,0.7309447802724911,0.3275303642368325,2.8696668306233506
519_img_.png,Reference,0.09525008499622345,,,0.3516544977596862,2.391946818006266
530_img_.png,Raw input,0.0008749775588512421,18.77748262674398,0.8555522275931846,0.2700314425624084,2.2531038344321996
530_img_.png,HE (RGB),0.9065000340342522,14.889484733002263,0.7792015470554295,0.3660806451615979,2.4679804053507555
530_img_.png,HE (Luminance),0.7878327742218971,15.266960968212782,0.797090388172415,0.3268654181122317,2.164254808498739
530_img_.png,CLAHE,1.485124696046114,17.81565819623301,0.7919148404783662,0.28755948961712735,2.6732581855485975
530_img_.png,Gray-World WB,3.850999753922224,18.96484025031194,0.8667645753016705,0.24863597663607692,2.227537087363033
530_img_.png,Underwater WB,6.810249760746956,19.635486482131356,0.8695982198908764,0.2448343927843108,2.2071654194885535
530_img_.png,Pipeline (WB + CLAHE),12.922791764140129,19.036354458915728,0.7728139098755028,0.3362354307560804,2.777598941998868
530_img_.png,Reference,0.0009578652679920197,,,0.3539164393011379,2.5437872928686693
539.png,Raw input,0.4071248695254326,15.318692277421299,0.6986484452686579,0.27943508274580353,2.7131021940589903
539.png,HE (RGB),0.7422911003232002,16.400613213270503,0.8739892301657717,0.3491844473511598,2.796932495196524
539.png,HE (Luminance),0.5729589611291885,16.30659873604811,0.822976735146694,0.34255558478087855,2.4263649803192564
539.png,CLAHE,1.0368330404162407,17.09361576242881,0.8197729707082558,0.32934804370728066,2.7112065396582223
539.png,Gray-World WB,3.8747917860746384,16.44114689430943,0.7864251478311122,0.23184709930438613,2.6164470810695324
539.png,Underwater WB,5.925249774008989,17.34530521097715,0.7705831961358127,0.20485581604615305,2.637253897713178
539.png,Pipeline (WB + CLAHE),10.128040798008442,23.6065062535573,0.9506737089370448,0.3239840470757137,3.0866128325891276
539.png,Reference,0.08645839989185333,,,0.3290642946819139,3.2136020159834198
567_img_.png,Raw input,0.0003748573362827301,17.683713464532435,0.9211861030971683,0.09135140015597576,0.3835566036575824
567_img_.png,HE (RGB),1.123500056564808,12.388253438434285,0.528020939939659,0.3859552432518395,1.2490357403507337
567_img_.png,HE (Luminance),0.706166960299015,11.978453401260055,0.494198990651844,0.332909426768345,0.7192344220417504
567_img_.png,CLAHE,1.211583148688078,18.889520069249585,0.9357697870864098,0.1170140772972708,0.6909654234145699
567_img_.png,Gray-World WB,2.3455838672816753,18.692924573034283,0.9362311367409281,0.04920531712958314,0.3943419593280425
567_img_.png,Underwater WB,4.3527502566576,20.064857309647458,0.9459347351372945,0.04699230868682318,0.38540752031923964
567_img_.png,Pipeline (WB + CLAHE),7.627540733665228,12.416748167179053,0.6331661187400089,0.2832751208510015,1.3180308039666813
567_img_.png,Reference,0.44458406046032906,,,0.08865566781335346,0.8086123832280242
581_img_.png,Raw input,0.0004996545612812042,18.641145602690507,0.8604276578564559,0.22836970618701746,1.5249986917662026
581_img_.png,HE (RGB),0.7380000315606594,14.440251625731515,0.7957349570699311,0.32865427088778953,1.9095135468830189
581_img_.png,HE (Luminance),1.119375228881836,14.491031753885114,0.7873195727013522,0.33586496420120865,1.71624895087169
581_img_.png,CLAHE,1.425083726644516,19.152539615679174,0.9365501816705658,0.2484487517175664,2.329420496914571
581_img_.png,Gray-World WB,2.7540000155568123,25.40289474684586,0.8889005350033236,0.17079028220146591,1.4556437280635226
581_img_.png,Underwater WB,4.508917219936848,22.59008843343503,0.8789936240108812,0.1654172358857314,1.4439012509462064
581_img_.png,Pipeline (WB + CLAHE),11.214375030249357,20.055684116015513,0.838146863041823,0.30700458883337467,2.6631179751277156
581_img_.png,Reference,0.0014998950064182281,,,0.2085826168585389,2.2911693983377837
587_img_.png,Raw input,0.000500120222568512,18.0939004896727,0.8289078721434903,0.2152109771707197,2.9323791454398975
587_img_.png,HE (RGB),0.4902924410998821,16.485012871989113,0.8209723474791621,0.3269385224659827,3.2284889522095686
587_img_.png,HE (Luminance),0.8454998023808002,16.381965862331093,0.7626703917023284,0.33978611204546016,2.672010442707733
587_img_.png,CLAHE,1.432666089385748,17.645884427466957,0.8664132260154765,0.2856470601302629,3.1172574649536493
587_img_.png,Gray-World WB,2.9037497006356716,20.104555045597564,0.853668234966166,0.1587200473318325,2.9632071194728073
587_img_.png,Underwater WB,4.415375180542469,19.168932311731393,0.8384963516101567,0.15597913820346251,2.9230265885345412
587_img_.png,Pipeline (WB + CLAHE),11.1648328602314,17.889515760558016,0.803439540839746,0.29850835027856726,3.2793875911435255
587_img_.png,Reference,0.08441600948572159,,,0.25080627415708107,3.2542481235552287
598_img_.png,Raw input,0.0009578652679920197,13.961183977444634,0.6218125141853273,0.20262782082531092,2.623124239879337
598_img_.png,HE (RGB),0.6150831468403339,21.252365879567634,0.9441338344830279,0.33415567307573896,3.001235436433706
598_img_.png,HE (Luminance),0.35908399149775505,17.86975942634728,0.8381738676298318,0.3389892473560002,2.467411365657461
598_img_.png,CLAHE,1.5763328410685062,14.5205623918043,0.793436169008726,0.2637953637720695,3.0627316697776092
598_img_.png,Gray-World WB,2.961167134344578,15.738790759347658,0.6456535982596351,0.1497825404706117,2.6442891574009764
598_img_.png,Underwater WB,5.033375229686499,14.876038972470084,0.6326453038079346,0.14060782222617965,2.601157375523207
598_img_.png,Pipeline (WB + CLAHE),8.149667177349329,18.34924634790182,0.867668062190215,0.3094521068846787,3.189253919856207
598_img_.png,Reference,0.2643330954015255,,,0.33774380025966627,2.804183463295802
599_img_.png,Raw input,0.0009997747838497162,18.381018325726362,0.8155622099018046,0.1776317343007722,2.246016974793067
599_img_.png,HE (RGB),0.6426246836781502,14.342453701551952,0.7152057350908608,0.3782022083598018,2.851599807515929
599_img_.png,HE (Luminance),0.5055000074207783,14.576529359305713,0.6999698986539787,0.3361784566750798,2.3243716816005313
599_img_.png,CLAHE,1.3233330100774765,20.527169642793204,0.9594536087672284,0.25046823586840883,2.801321945814965
599_img_.png,Gray-World WB,3.3488748595118523,21.82561149633029,0.8318924993127429,0.1348840968290283,2.245953166967049
599_img_.png,Underwater WB,4.210708662867546,20.036918002092072,0.8196145738431335,0.13105548788506133,2.221152267740331
599_img_.png,Pipeline (WB + CLAHE),9.069624822586775,19.888348572926237,0.811581291535021,0.33326696808730755,3.054997035875858
599_img_.png,Reference,0.0007916241884231567,,,0.2080444526678487,2.8759719602013147
600_img_.png,Raw input,0.0007497146725654602,13.522160297735361,0.5204425174986742,0.16714752157230015,2.8064199896332673
600_img_.png,HE (RGB),0.5256249569356441,21.296815716543115,0.9493136619091848,0.3369326446336573,3.2580348175291975
600_img_.png,HE (Luminance),0.46287477016448975,19.677732877408147,0.8873000819008606,0.3436962291539688,2.7949941038817467
600_img_.png,CLAHE,0.8920421823859215,15.851771445834196,0.8119082755847221,0.2537005506993404,3.221602455382377
600_img_.png,Gray-World WB,3.2788333483040333,14.148823351729794,0.5275019498157728,0.11662872536541916,2.8303734601141324
600_img_.png,Underwater WB,4.543874878436327,13.781668100713663,0.5169904266316944,0.11387083687382048,2.8011461868278476
600_img_.png,Pipeline (WB + CLAHE),9.182083420455456,18.01410038112641,0.871490020064145,0.31163963512076026,3.1450189255690537
600_img_.png,Reference,0.0008749775588512421,,,0.3414323489275695,3.101291599184196
605_img_.png,Raw input,0.0004591420292854309,14.570695921307312,0.6824858311833214,0.2215234421562569,2.7045443316862317
605_img_.png,HE (RGB),0.8517089299857616,21.2839379259401,0.9448567106746815,0.34419929016584905,3.078801050669405
605_img_.png,HE (Luminance),0.4462907090783119,17.405397547983153,0.8451860722081804,0.34395002369024535,2.6163392383374378
605_img_.png,CLAHE,0.8145831525325775,15.235657871535091,0.8276152615062312,0.28788080539162847,2.9513256313554224
605_img_.png,Gray-World WB,3.472540993243456,16.3894152643004,0.7106598887977033,0.16052332455680263,2.713129702560056
605_img_.png,Underwater WB,4.4639999978244305,15.862597470801411,0.69387817846413,0.16024531638828313,2.674211238716913
605_img_.png,Pipeline (WB + CLAHE),9.598124772310257,18.46347925453662,0.843932813190774,0.3129793976615633,3.039326958696074
605_img_.png,Reference,0.0009587965905666351,,,0.34530197734007695,3.008025502999211
641_img_.png,Raw input,0.0006668269634246826,17.515294307411736,0.8584864947582421,0.15571861047211602,1.595747447160275
641_img_.png,HE (RGB),0.771624967455864,13.806486964480007,0.6268113880246767,0.39378372587362565,2.520717241759952
641_img_.png,HE (Luminance),0.547999981790781,13.52574623511215,0.5549838714207399,0.32292262404859995,1.8837197200105786
641_img_.png,CLAHE,1.5034587122499943,17.7685004399294,0.9189532502730117,0.20620673234129455,2.198322448451777
641_img_.png,Gray-World WB,2.830625046044588,19.07950999579391,0.8621142807848393,0.10876689597593128,1.595595800515116
641_img_.png,Underwater WB,4.777290858328342,17.351037978326705,0.8455836610472001,0.10912873074918633,1.58314369066382
641_img_.png,Pipeline (WB + CLAHE),8.735917042940855,19.831848318848316,0.7327603720318984,0.3298526407620744,2.6805190463488096
641_img_.png,Reference,0.0009159557521343231,,,0.26298985848448775,2.304278258846252
645_img_.png,Raw input,0.000250060111284256,18.19231744647591,0.8231258839115618,0.24857360245563695,2.9829211802767404
645_img_.png,HE (RGB),1.6410001553595066,15.301788477732416,0.6673942364622282,0.37163176600097736,3.6217834608614634
645_img_.png,HE (Luminance),1.619500108063221,14.81134881009569,0.6564529665609253,0.33870433734576977,2.7291478624795786
645_img_.png,CLAHE,1.950209029018879,17.595731437949997,0.8135825329372691,0.3092910456037106,2.9759115292651694
645_img_.png,Gray-World WB,4.880084190517664,23.298430736631083,0.85121704737551,0.21858983647168492,3.048076884173816
645_img_.png,Underwater WB,7.910707965493202,23.92925187615273,0.8772301923785797,0.20517094485385595,2.956079738884114
645_img_.png,Pipeline (WB + CLAHE),14.961583074182272,20.72929962745201,0.8161855419629097,0.31802025946095946,3.3058300649315235
645_img_.png,Reference,0.09095761924982071,,,0.3024261419367486,3.1181749001621712
64_img_.png,Raw input,0.04141731187701225,22.589531614979844,0.9098518039184739,0.29962870361217236,2.8575537270918416
64_img_.png,HE (RGB),0.7220837287604809,19.34910530546504,0.8552949601262018,0.3671595091750747,3.193379091073397
64_img_.png,HE (Luminance),0.571791548281908,20.35365850174777,0.8680216914158928,0.3448385880833815,2.8946869501916876
64_img_.png,CLAHE,1.3004997745156288,19.27554025837519,0.8622316085846699,0.32233780688084174,3.0371615196250974
64_img_.png,Gray-World WB,3.8621253333985806,21.85640004600705,0.8999755303390847,0.2848884131675565,2.8282844434811714
64_img_.png,Underwater WB,6.4034173265099525,21.43677675310198,0.8947659352482954,0.28125051362774756,2.802894338346196
64_img_.png,Pipeline (WB + CLAHE),11.258000042289495,20.26398143600482,0.8576145238296481,0.33074538682028565,3.163842810625131
64_img_.png,Reference,0.09112479165196419,,,0.32866600640426935,2.8483569015677834
651_img_.png,Raw input,0.08770870044827461,21.255973900485976,0.8884627273401414,0.41070523579609575,2.2153811222421917
651_img_.png,HE (RGB),0.9274589829146862,14.127719015945363,0.6804223094716134,0.39341672480872836,2.585632692151978
651_img_.png,HE (Luminance),0.753417145460844,13.018002130885737,0.6740739103284278,0.36769567565967454,2.4884660695834495
651_img_.png,CLAHE,1.1320831254124641,18.445663371455506,0.756626027662965,0.3964345610712814,2.7746137449435535
651_img_.png,Gray-World WB,4.1282083839178085,17.03179687247346,0.854359568928665,0.382868872438429,2.0793723792491297
651_img_.png,Underwater WB,5.855500232428312,17.71874248035565,0.8075161361477519,0.37927528569849744,2.287358954012614
651_img_.png,Pipeline (WB + CLAHE),13.235125225037336,17.2947638361379,0.7234686222580785,0.4141509616819081,2.8089425238111483
651_img_.png,Reference,0.4803338088095188,,,0.4285859161187995,2.50942981218867
663_img_.png,Raw input,0.000833999365568161,12.169448198379628,0.5988252561189693,0.2624218979881964,2.0139961321239115
663_img_.png,HE (RGB),0.7445407100021839,14.045620830853942,0.6693752193306773,0.37469187744376875,2.521374544193862
663_img_.png,HE (Luminance),0.6013750098645687,14.677506842080009,0.7233948305412222,0.34069663012204787,2.1985829169424003
663_img_.png,CLAHE,1.496042124927044,13.794490041347565,0.7259533028385845,0.3126178498542818,2.521721161441472
663_img_.png,Gray-World WB,3.496957942843437,12.911908519783083,0.5762473112897494,0.24762363279888694,2.1907778266987084
663_img_.png,Underwater WB,5.669457837939262,16.74661211913271,0.8220694278496797,0.16903153295488144,2.34891218426504
663_img_.png,Pipeline (WB + CLAHE),12.71516690030694,17.441955414594485,0.7699751610468688,0.32003455117256174,3.066379114575412
663_img_.png,Reference,0.08866703137755394,,,0.3147349822047307,2.793188429743985
679_img_.png,Raw input,0.014250166714191437,21.72417195776031,0.912951659328782,0.3219713170373444,2.903679428682323
679_img_.png,HE (RGB),0.6219581700861454,19.572726657134517,0.918188597699273,0.3326227862032876,2.962810532147736
679_img_.png,HE (Luminance),0.9812088683247566,19.590864564872597,0.9272224811757415,0.3236766231177941,2.9255147222000795
679_img_.png,CLAHE,0.8769580163061619,23.218204701433844,0.9533768534279541,0.31913131727145333,3.123079150908924
679_img_.png,Gray-World WB,3.798666875809431,24.030475714753095,0.916352112707952,0.3011266601560953,2.8588811049902465
679_img_.png,Underwater WB,5.015041213482618,23.49994064718657,0.9174546097809922,0.30238605501152205,2.8410451992798276
679_img_.png,Pipeline (WB + CLAHE),9.644417092204094,23.862590922760546,0.9529015488706749,0.31947463605746007,3.093229180507731
679_img_.png,Reference,0.02033403143286705,,,0.2803155634141362,3.134495032239691
686_img_.png,Raw input,0.0009583309292793274,15.14495797642805,0.7754409191698438,0.2680471642735036,1.8545201787235044
686_img_.png,HE (RGB),2.579625230282545,12.589936824452852,0.7103569164944431,0.36434509426574047,2.1823079272149286
686_img_.png,HE (Luminance),1.3645002618432045,15.652946146259527,0.7104127772708303,0.33746446036551225,1.6786945079321858
686_img_.png,CLAHE,1.4445842243731022,14.819859917065942,0.710620572990631,0.32295606750455164,1.9996218254794917
686_img_.png,Gray-World WB,5.285959225147963,12.375542323421227,0.7868928668792402,0.2581280155556101,2.113584827370232
686_img_.png,Underwater WB,7.783417124301195,15.243970222301627,0.919154461608333,0.23174323917171846,2.151319820762193
686_img_.png,Pipeline (WB + CLAHE),14.656584244221449,16.867677812424084,0.8513343036713347,0.3172928651114871,2.477644648902213
686_img_.png,Reference,0.4747910425066948,,,0.2930272559382797,2.252848584254277
688_img_.png,Raw input,0.0012088567018508911,15.931474483506879,0.824829116263777,0.3037411523683863,2.627371941986251
688_img_.png,HE (RGB),1.6142092645168304,19.042195693744354,0.8045598898049636,0.4010887869110661,3.052934075257537
688_img_.png,HE (Luminance),2.070792019367218,15.886116307541844,0.7604817860160692,0.3673453748358305,2.141424139739198
688_img_.png,CLAHE,1.125458162277937,14.953838081542653,0.7562786645298442,0.3526637060342819,2.3511425062528817
688_img_.png,Gray-World WB,5.484249908477068,18.076574799585682,0.8500381175036636,0.2802412518201112,2.7047854377264695
688_img_.png,Underwater WB,7.688750047236681,18.71430543309755,0.8654026295530239,0.2745146405578446,2.672890760709759
688_img_.png,Pipeline (WB + CLAHE),14.477250166237354,19.83716993920897,0.8284643507560254,0.39547647955063825,2.7671291272726872
688_img_.png,Reference,0.34675002098083496,,,0.376453744511397,2.83018702376953
691_img_.png,Raw input,0.17137499526143074,24.757643711578332,0.9068378649757274,0.31833034095617185,2.6849689968433554
691_img_.png,HE (RGB),0.6334581412374973,17.24794886322818,0.8496882080126785,0.36194746906022945,2.9768080234183243
691_img_.png,HE (Luminance),0.48774993047118187,18.57049075734993,0.8275070669768404,0.383685669916491,2.5593542676428895
691_img_.png,CLAHE,0.8633327670395374,26.8772480630319,0.9455235071220409,0.340981736062949,3.0268263685789694
691_img_.png,Gray-World WB,3.2620420679450035,18.500601169609872,0.8749177323393097,0.3086838035971696,2.6375103605488808
691_img_.png,Underwater WB,5.355458706617355,18.775584405408242,0.8773405708087973,0.3118024385081505,2.609273830672608
691_img_.png,Pipeline (WB + CLAHE),9.47004184126854,23.43250178106079,0.9246297880700758,0.3513357726409583,3.0203174291648978
691_img_.png,Reference,0.4681660793721676,,,0.32545363784106585,3.1238112701039755
698_img_.png,Raw input,0.0008749775588512421,25.647325246427766,0.9712456137550686,0.29998344630993534,2.9406247144128783
698_img_.png,HE (RGB),0.7828753441572189,18.05463578568731,0.8621118710936364,0.36340622252482757,3.2570182773252427
698_img_.png,HE (Luminance),1.759250182658434,17.992087722917315,0.816801365359912,0.3432926060730471,2.7980162984622683
698_img_.png,CLAHE,2.2630002349615097,20.29420939879423,0.8377670279517943,0.3186390703078388,3.203994507992119
698_img_.png,Gray-World WB,4.950624890625477,22.246704725108863,0.9608845221506134,0.2928868940627841,2.951508362357828
698_img_.png,Underwater WB,6.995916832238436,23.08872334306287,0.9605740208650487,0.2921980412659202,2.920445561024802
698_img_.png,Pipeline (WB + CLAHE),12.925291899591684,20.37370513521211,0.8165903714918811,0.318759074144111,3.206731010367298
698_img_.png,Reference,0.0007092021405696869,,,0.3119434001532145,3.009870728697238
714_img_.png,Raw input,0.45112520456314087,14.306406650211468,0.6342167542210501,0.2055582019240329,1.9249506135193633
714_img_.png,HE (RGB),2.043916843831539,11.788224887214177,0.576643019414592,0.3685125801678454,2.5988670551554085
714_img_.png,HE (Luminance),1.653917133808136,11.158262941532804,0.6082165485590082,0.32121532818074183,2.2450368099915208
714_img_.png,CLAHE,1.4979997649788857,16.060648712919892,0.7648806409358291,0.26182097682161365,2.4107002016019132
714_img_.png,Gray-World WB,4.896916914731264,17.96718779605682,0.7172169184221145,0.1829978081765679,2.194079517748781
714_img_.png,Underwater WB,8.297624997794628,19.61907719190163,0.8235071213308557,0.15262845116914628,1.9771982094370106
714_img_.png,Pipeline (WB + CLAHE),12.635250110179186,18.064695867317845,0.7498320755496248,0.3060371050602037,3.0141165050173746
714_img_.png,Reference,0.0006672926247119904,,,0.309994394127485,2.7063814654442298
719_img_.png,Raw input,0.42004138231277466,10.906035805660315,0.6037579542772346,0.2670140198199773,1.029135280908887
719_img_.png,HE (RGB),1.7453329637646675,10.79734160089814,0.6758071755669012,0.3141506214496099,2.0602783207885524
719_img_.png,HE (Luminance),1.5384173020720482,12.223795555462198,0.7005187920868877,0.3280318921159808,1.2855459334314085
719_img_.png,CLAHE,1.9072499126195908,11.112528253406538,0.6476835604556876,0.28005593361698633,1.8019739800636099
719_img_.png,Gray-World WB,5.392584018409252,9.97843652937603,0.6011452187267355,0.23549047863700345,1.8341577165728462
719_img_.png,Underwater WB,7.51479109749198,17.270972445429095,0.830768574086072,0.20481790062418662,1.0993865538849474
719_img_.png,Pipeline (WB + CLAHE),14.207958243787289,19.44194958849728,0.8265610788585032,0.3183397153501703,2.11831590361359
719_img_.png,Reference,0.42570801451802254,,,0.3397271181097589,1.538685065523022
721_img_.png,Raw input,0.001375097781419754,21.775560801266728,0.8608487897379629,0.32605604245618913,2.088795392271526
721_img_.png,HE (RGB),0.9681251831352711,12.596100049172845,0.613909304891815,0.37655918573587127,2.4751808948139113
721_img_.png,HE (Luminance),0.6992085836827755,15.539136205794154,0.6897368138041625,0.38400375184444097,1.8142594462829673
721_img_.png,CLAHE,1.9422909244894981,20.26110022711043,0.7581335540976696,0.3413525806816479,2.353293956488755
721_img_.png,Gray-World WB,5.190249998122454,15.175363533619182,0.755212298212982,0.3172068872398838,2.018248073076668
721_img_.png,Underwater WB,6.906374823302031,14.308070825598735,0.7477890514403,0.3182499107982881,1.9593396685281381
721_img_.png,Pipeline (WB + CLAHE),13.202416710555553,16.46436914599674,0.7144358732175841,0.3604299038572551,2.444845029688538
721_img_.png,Reference,0.0008749775588512421,,,0.33985915792839955,2.152109774940242
723_img_.png,Raw input,0.0006249174475669861,21.618166624957485,0.9105403837318607,0.37332962509285295,3.1444662017040574
723_img_.png,HE (RGB),0.7351660169661045,20.602326354169172,0.9377897110645832,0.37538849136510044,3.189366801294586
723_img_.png,HE (Luminance),1.112292055040598,20.939554809014574,0.9106204714005078,0.37795390131231027,2.9889830061492426
723_img_.png,CLAHE,1.1546248570084572,16.326453135424202,0.768022256226776,0.3640126157125068,3.2388562162948116
723_img_.png,Gray-World WB,4.489665850996971,22.96866327192765,0.9193844552161963,0.33274842213473804,3.108481923785246
723_img_.png,Underwater WB,7.568750064820051,23.339574155979058,0.9188003088321343,0.3315403802832728,3.0984371754348525
723_img_.png,Pipeline (WB + CLAHE),13.926833868026733,16.89865926902386,0.7781182964419991,0.35598321551513956,3.2460650083560356
723_img_.png,Reference,0.000833999365568161,,,0.3688156222536375,3.101871936040043
727_img_.png,Raw input,0.42116595432162285,28.370643936323916,0.9876567633704197,0.32612069476023264,3.435149540545381
727_img_.png,HE (RGB),0.6702081300318241,22.718230661664865,0.9279084216714072,0.34400444778912076,3.4594876866676763
727_img_.png,HE (Luminance),0.6407909095287323,24.342073479903966,0.9299630355269857,0.339360842379096,3.3240211359489384
727_img_.png,CLAHE,1.2536249123513699,17.284577312665977,0.825090493236902,0.3316852253572089,3.0079411836355177
727_img_.png,Gray-World WB,4.20737499371171,28.57463152792239,0.9889643996522697,0.3105868590870963,3.400123495855492
727_img_.png,Underwater WB,6.07879227027297,30.22964525255833,0.9911164714492138,0.3112035456278312,3.3983577327129844
727_img_.png,Pipeline (WB + CLAHE),12.479208875447512,18.01033309534912,0.8334963254319777,0.32641974823143244,3.05556176013663
727_img_.png,Reference,0.09841565042734146,,,0.3224530723709943,3.420735862912787
733_img_.png,Raw input,0.5348329432308674,8.397141878593347,0.6445579080352282,0.24282807270646367,2.3934068954023324
733_img_.png,HE (RGB),1.962707843631506,11.002888121429049,0.4941578211576229,0.3727549405221192,3.645176327135302
733_img_.png,HE (Luminance),1.7858748324215412,9.17028464688573,0.39182844080211493,0.3660052330271073,2.361132929071232
733_img_.png,CLAHE,1.1328342370688915,8.962233752538804,0.6848551575001288,0.294479984450838,2.825366486303392
733_img_.png,Gray-World WB,4.985374864190817,9.3242151871015,0.6081538278112789,0.1465616353909418,2.433341254698794
733_img_.png,Underwater WB,7.832167204469442,11.600042123782552,0.772203742353422,0.14575731934471398,2.3066774465422326
733_img_.png,Pipeline (WB + CLAHE),15.005833934992552,19.686428917448943,0.7378366221447759,0.3162771640187579,3.0907593129416924
733_img_.png,Reference,0.0006249174475669861,,,0.2980906965662831,2.682968473532555
738_img_.png,Raw input,0.010875053703784943,14.832793189795817,0.8458934461909422,0.3247479142761522,2.6310461101911238
738_img_.png,HE (RGB),0.7134159095585346,12.365168383355716,0.7957539847732532,0.3587417770909137,2.685467888839769
738_img_.png,HE (Luminance),0.5471669137477875,13.00252189967599,0.8015810135450571,0.3390949357010496,2.5363099830715417
738_img_.png,CLAHE,0.8582076989114285,13.754492231835389,0.7269555516416961,0.3204675736933192,2.9398345967667376
738_img_.png,Gray-World WB,3.8231252692639828,13.995119284396154,0.8336810861547098,0.3202870522810483,2.588053642687256
738_img_.png,Underwater WB,5.170625168830156,13.466113025501198,0.8259221266872233,0.32193578517845406,2.582601082934275
738_img_.png,Pipeline (WB + CLAHE),10.881999973207712,12.647207062604744,0.7067135129402985,0.3276006491167738,2.9055388341002972
738_img_.png,Reference,0.0006672926247119904,,,0.3566907931044262,2.950810900051092
73_img_.png,Raw input,0.0004996545612812042,17.73190010582239,0.9080458932647199,0.2983548375238682,2.2499481200544356
73_img_.png,HE (RGB),0.8686250075697899,18.207978266889974,0.8301791434745085,0.369624920726772,2.401033786564014
73_img_.png,HE (Luminance),0.48404186964035034,17.5284607517043,0.8257357304974627,0.33592243319091847,2.050748809003749
73_img_.png,CLAHE,1.1375411413609982,17.5006767737614,0.8684925982348544,0.32535656689342307,2.451093080141557
73_img_.png,Gray-World WB,3.6372081376612186,19.078384419771652,0.9218094282500898,0.2840061515868869,2.304969525340363
73_img_.png,Underwater WB,5.918582901358604,20.726233849232845,0.931750508653951,0.27775596471339625,2.495867736660012
73_img_.png,Pipeline (WB + CLAHE),10.199208278208971,20.89536036531234,0.872935347010421,0.3442159353359162,2.703709744307102
73_img_.png,Reference,0.10779080912470818,,,0.3474101753594581,2.467685753324176
744_img_.png,Raw input,0.0007497146725654602,23.379872010490836,0.9408128370310328,0.29870459823167406,2.553075170985456
744_img_.png,HE (RGB),1.1551249772310257,21.38106636561854,0.9147588698636824,0.32513003579003685,2.506028716843843
744_img_.png,HE (Luminance),1.1682910844683647,21.368995661261295,0.908040845900468,0.322718147659462,2.378817235813239
744_img_.png,CLAHE,3.0514169484376907,24.40129308647148,0.9553726142913308,0.3004954728288292,2.8190501311038396
744_img_.png,Gray-World WB,4.271958954632282,23.32266311928666,0.9387702938605312,0.2928824832427934,2.4980574949059138
744_img_.png,Underwater WB,7.141957990825176,23.52778869456884,0.9400634032654841,0.29410244904781235,2.4975566859535645
744_img_.png,Pipeline (WB + CLAHE),12.918832711875439,24.970741946821473,0.9520534322063895,0.30401044058278864,2.776169620856452
744_img_.png,Reference,0.1044170930981636,,,0.29581425778998255,2.729388415934806
746_img_.png,Raw input,0.020166859030723572,19.550472321122697,0.8407927570459933,0.2998634085557792,2.9381328312599493
746_img_.png,HE (RGB),0.5739168263971806,19.547619471940237,0.8972428731043376,0.32604898611925903,3.098768326945451
746_img_.png,HE (Luminance),0.4180828109383583,20.44017696818351,0.9112089287301677,0.3143334080285363,3.083462852672746
746_img_.png,CLAHE,0.8554169908165932,27.255253963226767,0.9709254983940472,0.303677647565189,3.238449872340781
746_img_.png,Gray-World WB,3.464791923761368,18.931053140566018,0.831398491853112,0.29376117006747715,2.913863456134459
746_img_.png,Underwater WB,5.237333942204714,18.73652673153223,0.8299762464100192,0.2936302747861074,2.9104137725088655
746_img_.png,Pipeline (WB + CLAHE),9.239666163921356,26.33226240826145,0.9699458956648161,0.30385894247290623,3.2387612232591936
746_img_.png,Reference,0.01708371564745903,,,0.30601334134518626,3.2456274473143085
74_img_.png,Raw input,0.00045867636799812317,15.817356431177389,0.7880798593742119,0.176829758949503,2.0757539854058993
74_img_.png,HE (RGB),1.7832498997449875,10.447108362296778,0.557373206768874,0.38495657685313256,3.2855055330245317
74_img_.png,HE (Luminance),1.1462499387562275,12.140479560563495,0.4434606496958517,0.3506900506419479,2.822180606642281
74_img_.png,CLAHE,1.1434168554842472,18.3631905808259,0.7595109360236932,0.22927231822682,2.8764887027600796
74_img_.png,Gray-World WB,4.875291138887405,11.297980612952998,0.7053404076186579,0.1608415216753534,2.192627298212715
74_img_.png,Underwater WB,7.853541988879442,10.729469724329366,0.7070963313625419,0.15254184268338625,2.115884741794407
74_img_.png,Pipeline (WB + CLAHE),14.21545771881938,14.009873480903071,0.5656784212611659,0.36903154322951326,3.3556889632315476
74_img_.png,Reference,0.026332680135965347,,,0.28606636250397455,2.536593799124292
754_img_.png,Raw input,0.022124964743852615,20.51987377622992,0.9364423200354591,0.3167325445083561,2.152358521737655
754_img_.png,HE (RGB),0.920834019780159,14.280262453968932,0.7457084942300755,0.3787026971775904,2.462474113615072
754_img_.png,HE (Luminance),0.764000229537487,15.177916574264575,0.7703845753878675,0.3657504490945694,2.2230068256392648
754_img_.png,CLAHE,1.7377082258462906,16.495646173730623,0.8055946475071211,0.3185355469269925,2.7764600269145414
754_img_.png,Gray-World WB,4.3402500450611115,21.280943192859464,0.9409792068942883,0.30321680409486584,2.2236797125787664
754_img_.png,Underwater WB,7.1702091954648495,22.53348449172414,0.9417237623154654,0.3045629192626412,2.1936106539869216
754_img_.png,Pipeline (WB + CLAHE),15.72562474757433,19.52099161496611,0.8188687457202389,0.32691189485051225,2.8479727935434074
754_img_.png,Reference,0.09462516754865646,,,0.32685080518608406,2.1649769525239075
758_img_.png,Raw input,0.40408410131931305,24.728456515351724,0.862167889533371,0.3175128546163227,1.7729578705363611
758_img_.png,HE (RGB),1.5405002050101757,15.584788624145698,0.8428508318418456,0.3313761454996033,2.016636173836443
758_img_.png,HE (Luminance),1.0497919283807278,18.247126663313114,0.8404976077081906,0.33967254829748167,1.8909389764419715
758_img_.png,CLAHE,1.596958376467228,30.024872725492564,0.9681210775891117,0.3095886018247094,2.5843547874343122
758_img_.png,Gray-World WB,4.848291166126728,18.46874795847856,0.841514739201871,0.28850124676682865,1.8259634754245773
758_img_.png,Underwater WB,6.9805411621928215,18.27155301709196,0.8360228520459274,0.2901678645186068,1.7926612463348448
758_img_.png,Pipeline (WB + CLAHE),12.058542110025883,21.31767593152229,0.9473322929635476,0.30211735771402587,2.600020540756181
758_img_.png,Reference,0.0006249174475669861,,,0.3149285730287241,2.383267485040671
764_img_.png,Raw input,0.20200014114379883,16.61722823600072,0.8174894725568608,0.2842456448153283,3.0477068857932634
764_img_.png,HE (RGB),0.7389578968286514,20.245039594957536,0.9329057870571699,0.2994813789378042,3.1000543864337717
764_img_.png,HE (Luminance),0.9986246004700661,20.205696854171308,0.9283064935872226,0.30066610903029506,3.0380830820139506
764_img_.png,CLAHE,1.648124773055315,15.674465614701303,0.776671017703292,0.28473770132572085,3.203485435318261
764_img_.png,Gray-World WB,4.491624888032675,16.825108276628743,0.8213335286033713,0.2814350537477942,3.028028542743063
764_img_.png,Underwater WB,7.1344575844705105,16.710661508152075,0.8175325917666975,0.2814639746241567,3.026134542346361
764_img_.png,Pipeline (WB + CLAHE),13.982332777231932,15.570633003646627,0.7746335729909136,0.2904578889796098,3.1865922374047084
764_img_.png,Reference,0.4374575801193714,,,0.3221915714095818,3.0421964986120225
7654.png,Raw input,0.24620816111564636,9.705363384121629,0.6118321242234337,0.22076123604311038,2.2468146969944653
7654.png,HE (RGB),1.2400825507938862,10.395933998553533,0.6299829254254434,0.3587799206066736,2.7830902416407026
7654.png,HE (Luminance),1.0532080195844173,12.270726916139292,0.7029560130253457,0.32704471078440633,2.211742318043134
7654.png,CLAHE,1.4724577777087688,11.628059081424144,0.7298093646153796,0.2870176408462061,2.6178374318846824
7654.png,Gray-World WB,3.6832918412983418,8.654654886935862,0.5425446824446508,0.25060888676781645,2.553896384116211
7654.png,Underwater WB,5.846499931067228,16.533308035403284,0.8481098742747881,0.16242623190116484,2.6429528673504272
7654.png,Pipeline (WB + CLAHE),11.36770797893405,19.2643898834741,0.8458492675523828,0.2966458755100148,3.0993322700761348
7654.png,Reference,0.4521249793469906,,,0.291659926673397,2.9878466269090644
765_img_.png,Raw input,0.2020830288529396,18.359246493091195,0.9063723279112201,0.29979835794855203,3.3359192991375806
765_img_.png,HE (RGB),0.5762497894465923,18.444673685695744,0.9196706066560854,0.32673283188729174,3.4475889822467845
765_img_.png,HE (Luminance),0.42745890095829964,18.18246834452744,0.9117169787477696,0.32603378587289444,3.2479636899386124
765_img_.png,CLAHE,0.81212492659688,21.13376850380385,0.9377396640668486,0.2993344552062446,3.319547785786806
765_img_.png,Gray-World WB,3.4210840240120888,18.759740913550043,0.9062112207326399,0.2947430661851401,3.3192382984079782
765_img_.png,Underwater WB,4.996666684746742,18.45001144645019,0.904698394082596,0.2952459281249247,3.3199496344632076
765_img_.png,Pipeline (WB + CLAHE),10.908333119004965,20.44987914686903,0.9337963194935198,0.30485348198508927,3.323743999125507
765_img_.png,Reference,0.09812507778406143,,,0.2896813387810556,3.455234279877907
769_img_.png,Raw input,0.0010831281542778015,14.063857857406344,0.7526771826611703,0.30739638553122617,2.963083762042542
769_img_.png,HE (RGB),1.43474992364645,17.96279661165754,0.8890960174682042,0.36226498148884534,3.396734981574239
769_img_.png,HE (Luminance),1.2357919476926327,16.3501042718501,0.8198232668338964,0.3768506166450586,2.952326477965917
769_img_.png,CLAHE,2.7389577589929104,17.858842049869292,0.8929336509799204,0.34005229501960466,3.080435141703574
769_img_.png,Gray-World WB,6.190374959260225,15.173211490082036,0.7436549478918577,0.2637793352902276,2.979992130067382
769_img_.png,Underwater WB,9.635249618440866,15.077086738757234,0.740669760098548,0.263573009403116,2.9841003733292544
769_img_.png,Pipeline (WB + CLAHE),18.19137530401349,17.743709400949374,0.8968486802093044,0.32900728326138245,3.1241424344472986
769_img_.png,Reference,0.4757917486131191,,,0.31112283726919204,3.331985308003656
777_img_.png,Raw input,0.36808429285883904,18.649695472908856,0.8243867320167091,0.2473741926467081,3.212745003937132
777_img_.png,HE (RGB),2.837624866515398,21.31655706661366,0.9481994568024553,0.3121232281032955,3.3518228351645076
777_img_.png,HE (Luminance),1.4818329364061356,19.16788116489967,0.8926278636366559,0.3108313108231764,3.172935024523749
777_img_.png,CLAHE,1.6606254503130913,17.34017592779138,0.8403996994088555,0.28621062168475947,3.364413755848161
777_img_.png,Gray-World WB,4.879583138972521,20.174423785781215,0.8344276127214671,0.23632697667643404,3.2319324134138934
777_img_.png,Underwater WB,7.346499711275101,20.305818014087393,0.8328788214401125,0.23447110673685398,3.223027901696309
777_img_.png,Pipeline (WB + CLAHE),14.218125026673079,18.86884810083124,0.849566564432826,0.29415472780245955,3.3861149767515877
777_img_.png,Reference,0.10079238563776016,,,0.32932985680713156,3.291851511314176
778_img_.png,Raw input,0.5378341302275658,17.450990902938766,0.797620558854816,0.22411592437576916,3.106904895694824
778_img_.png,HE (RGB),1.6279160045087337,21.268737080913102,0.9453404833130894,0.31263419350553817,3.2392651307469214
778_img_.png,HE (Luminance),1.2548337690532207,19.110423393709194,0.8821135930067528,0.3060291534121801,2.99362880275147
778_img_.png,CLAHE,1.189833041280508,17.395660933133115,0.8660535092439288,0.28926377681757437,3.251726484106311
778_img_.png,Gray-World WB,4.992417059838772,18.804307542481386,0.8108202387229381,0.2107749588831711,3.1556479544335945
778_img_.png,Underwater WB,7.214332930743694,19.019710982270883,0.8112193263090585,0.20547261643586248,3.139052519543995
778_img_.png,Pipeline (WB + CLAHE),16.1142498254776,18.929178350960836,0.8721628117521784,0.29633368959210193,3.2877537040067093
778_img_.png,Reference,0.09520910680294037,,,0.3277605362505306,3.1730679242107156
779_img_.png,Raw input,0.4476672038435936,17.23000950250766,0.7723868457834112,0.21805907611843486,2.875982175583808
779_img_.png,HE (RGB),2.194917295128107,21.183221559486736,0.9475572829697576,0.34720856835925945,3.136375751308543
779_img_.png,HE (Luminance),1.060959417372942,19.212694543309667,0.8614523642808899,0.31625610508608076,2.8886916094617456
779_img_.png,CLAHE,1.1721248738467693,17.337751540676788,0.8655339092477083,0.27241312484388686,3.1404298494451095
779_img_.png,Gray-World WB,5.157958250492811,17.860570221450878,0.7752996632421714,0.21252128695238803,2.903618420020862
779_img_.png,Underwater WB,7.820833008736372,17.929725806608264,0.7733832735774172,0.20816199507451696,2.8918542536557847
779_img_.png,Pipeline (WB + CLAHE),15.075250063091516,18.625032870671806,0.8710193651876678,0.3168494298634051,3.0766672339469663
779_img_.png,Reference,0.5342918448150158,,,0.34751772304937933,3.1555550325027264
780_img_.png,Raw input,0.0013327226042747498,17.476930765143024,0.8156495970296973,0.22297286620846687,2.846581652961146
780_img_.png,HE (RGB),1.4129583723843098,21.228244009841703,0.9435641505994963,0.33068574172336423,3.040749379343365
780_img_.png,HE (Luminance),1.3747080229222775,17.44301567400696,0.8281362278219827,0.3204677215905056,2.8224413870621357
780_img_.png,CLAHE,1.0292502120137215,16.366707440742367,0.7995653604452778,0.2749679935300615,3.1567006233062864
780_img_.png,Gray-World WB,5.237165838479996,19.833143134617973,0.8435847093552139,0.20872993641756624,2.8402108833168507
780_img_.png,Underwater WB,8.261583279818296,19.910194165748855,0.834662010934346,0.2067914960692372,2.832017118993195
780_img_.png,Pipeline (WB + CLAHE),16.219916753470898,17.2431085424876,0.779441008182148,0.31397706377362755,3.21725432001882
780_img_.png,Reference,0.4880828782916069,,,0.33499440812267045,3.1527902479653767
792_img_.png,Raw input,0.4586251452565193,30.029748354421663,0.994510704888398,0.3199476811625753,3.1651353852610304
792_img_.png,HE (RGB),0.8161249570548534,18.97463067684569,0.8025316342293269,0.3996273330956777,3.676007905622841
792_img_.png,HE (Luminance),1.1985832825303078,16.419907900009736,0.6546853841777422,0.36863972591517774,2.952051524560619
792_img_.png,CLAHE,1.9003329798579216,19.201410998443414,0.7995377832047867,0.3386922611399303,3.1980699110840565
792_img_.png,Gray-World WB,4.857792053371668,27.501719491456843,0.9913923611421618,0.3143106943146513,3.1185874032888172
792_img_.png,Underwater WB,8.237041998654604,28.459799290069668,0.9928630204332002,0.3141017358113642,3.1096500573823693
792_img_.png,Pipeline (WB + CLAHE),15.593708027154207,19.62322932328412,0.7887845969626834,0.3451043332733472,3.184457486797442
792_img_.png,Reference,0.10637473315000534,,,0.32574422722439483,3.1736676303390428
79_img_.png,Raw input,0.35170791670680046,22.252730833838825,0.8699018016402004,0.28166651510585217,3.1994020572156643
79_img_.png,HE (RGB),0.6478750146925449,16.588417089077925,0.8597374872349031,0.3768645023633642,3.5270241747848967
79_img_.png,HE (Luminance),0.6008748896420002,16.620434609462368,0.8340243698212132,0.3374549325762729,3.1457297470685974
79_img_.png,CLAHE,1.0192920453846455,26.614573700538074,0.9685084689190543,0.30990532846005026,3.3254554759236647
79_img_.png,Gray-World WB,4.592790734022856,20.041522667034563,0.8585632287667697,0.28420351039090863,3.1852026775053432
79_img_.png,Underwater WB,5.95937529578805,20.35003637482658,0.8609391982115726,0.2825761907091125,3.1763020416304224
79_img_.png,Pipeline (WB + CLAHE),23.44025019556284,25.367712479606116,0.9523377165771185,0.32916566240814216,3.314495770906503
79_img_.png,Reference,0.10220799595117569,,,0.3033958921261219,3.3644810216337167
803_img_.png,Raw input,0.4230840131640434,18.355667888590062,0.7840456187484041,0.2407595888316196,3.1575940305264973
803_img_.png,HE (RGB),0.8170409128069878,17.396867581032534,0.8721895341469387,0.33706647220799957,3.3147182596472593
803_img_.png,HE (Luminance),0.6786249577999115,16.79095480380173,0.8672220964168673,0.3204328550553868,3.142793585724767
803_img_.png,CLAHE,1.0930420830845833,23.05864291068826,0.9561875460222083,0.2853342019070619,3.2920329121248044
803_img_.png,Gray-World WB,4.159917123615742,19.065096310062355,0.7914564963571368,0.2360962286943444,3.2034210452397054
803_img_.png,Underwater WB,7.094250060617924,19.169033584555194,0.7917107847335947,0.23722127305048984,3.1923872964395805
803_img_.png,Pipeline (WB + CLAHE),14.2919160425663,26.636903068640216,0.9706336382099444,0.31038623694102613,3.2949679841319837
803_img_.png,Reference,0.001458916813135147,,,0.30266793736323916,3.3918343861468507
816_img_.png,Raw input,0.0011245720088481903,24.45622249486423,0.9462254172481318,0.308335548708483,2.6900592617503394
816_img_.png,HE (RGB),2.5435001589357853,19.281331915055834,0.8407309019112033,0.35675598037295025,2.89404413089719
816_img_.png,HE (Luminance),1.2645418755710125,19.928459108678492,0.8545734686836143,0.3393707409970068,2.7307752842325237
816_img_.png,CLAHE,1.452624797821045,15.930683632650805,0.7707466728663716,0.3182757258404256,2.9454240045398183
816_img_.png,Gray-World WB,5.142624955624342,22.56688903088711,0.933288579347256,0.3023769253308997,2.594469742265328
816_img_.png,Underwater WB,7.812415715306997,22.7197167300724,0.9302077897590065,0.298442821992737,2.6010011758425446
816_img_.png,Pipeline (WB + CLAHE),14.69670794904232,17.584592608200317,0.8123569980634123,0.3431123163376828,3.0142599105796055
816_img_.png,Reference,0.0009578652679920197,,,0.3451013273887204,2.7096850283642855
823_img_.png,Raw input,0.36179181188344955,25.014330067676962,0.9205139636733483,0.31799803624701883,2.7263391045651475
823_img_.png,HE (RGB),1.1520828120410442,12.72751365094835,0.6804825996637902,0.3680283820127572,3.1409238418251366
823_img_.png,HE (Luminance),0.7082498632371426,12.55080675503548,0.6290868110258105,0.3521010239182871,2.5232214070340433
823_img_.png,CLAHE,1.9770832732319832,17.85560975651597,0.7825096468417708,0.3361899086951017,2.7818606917962696
823_img_.png,Gray-World WB,6.441458128392696,19.31172731641005,0.8718099820972087,0.3129979027224422,2.747348706572622
823_img_.png,Underwater WB,7.129915989935398,19.106378450938422,0.8595887781057415,0.3140582114420747,2.7253342278717883
823_img_.png,Pipeline (WB + CLAHE),14.845542144030333,16.61780065601028,0.7532963901043209,0.3453884869147635,2.806570714180802
823_img_.png,Reference,0.1305420882999897,,,0.34363655259427334,2.8033337453057645
841_img_.png,Raw input,0.4413751885294914,14.334190501785429,0.7141922847179161,0.3897024894902046,2.5213276519246617
841_img_.png,HE (RGB),0.8534169755876064,16.224026039029702,0.8915642379866545,0.39235474166678336,2.773765530139055
841_img_.png,HE (Luminance),2.0984159782528877,15.699068459021976,0.8654575350346674,0.39475007970621856,2.488242436532417
841_img_.png,CLAHE,1.6043749637901783,18.99731728902215,0.908588638498304,0.42965775490016955,2.9955524024185665
841_img_.png,Gray-World WB,4.2905001901090145,14.44812007316644,0.8100515726009346,0.32198676135316395,2.547705286998841
841_img_.png,Underwater WB,6.668916903436184,14.835871558848428,0.8224532577523833,0.324470468204188,2.5185557679341453
841_img_.png,Pipeline (WB + CLAHE),14.864459168165922,26.902468597096206,0.9656051414148061,0.41507333574415917,3.161377385451236
841_img_.png,Reference,0.2693329006433487,,,0.3956940714497712,3.20947141961064
844_img_.png,Raw input,0.5362080410122871,17.101372988784597,0.770276139327367,0.3145358533658262,2.2988406819075027
844_img_.png,HE (RGB),1.9877501763403416,14.654851584132649,0.7247056216234976,0.370328549469998,2.755009458314537
844_img_.png,HE (Luminance),1.0505421087145805,17.855447340607135,0.8898198285990802,0.34590983997662794,2.39760006887758
844_img_.png,CLAHE,2.3354170843958855,18.031031482213564,0.8149711080822595,0.33217236762350777,2.797121774311572
844_img_.png,Gray-World WB,5.116125103086233,13.729544178073683,0.7063265427381994,0.3399643305931395,2.248420134117453
844_img_.png,Underwater WB,9.598084259778261,17.071059246519088,0.886879439238481,0.30431585892874363,2.340316577662409
844_img_.png,Pipeline (WB + CLAHE),14.88733384758234,18.5554354729261,0.8187730796578127,0.3309405630188272,2.984881486505107
844_img_.png,Reference,0.03158301115036011,,,0.34232771197334455,2.612119187762308
850_img_.png,Raw input,0.0024582259356975555,12.221663348564451,0.4924660279215814,0.21760606303169802,1.3162670008424477
850_img_.png,HE (RGB),2.356249839067459,12.243849230158583,0.5549643522324369,0.37159551206688546,2.3472246517926965
850_img_.png,HE (Luminance),1.6352501697838306,13.308028051111918,0.6348124811759702,0.3085869171895813,1.7160820967694739
850_img_.png,CLAHE,1.1763330549001694,13.583165669396205,0.5829594356990694,0.2523539009000568,1.8586196459159625
850_img_.png,Gray-World WB,5.087167024612427,14.096433977997787,0.5052410574711657,0.20394079394914635,1.94909099469709
850_img_.png,Underwater WB,8.273416198790073,10.437046036700856,0.6845188234953378,0.15863796525966564,1.4747543797628542
850_img_.png,Pipeline (WB + CLAHE),13.83962482213974,12.006151003817365,0.7645999521799395,0.29618173850020346,2.4977208805303914
850_img_.png,Reference,0.5184593610465527,,,0.2836276781310865,2.666487418650529
855_img_.png,Raw input,0.462542288005352,16.157091525124777,0.8061023190918277,0.20333905470769129,1.8778900840675008
855_img_.png,HE (RGB),0.8431249298155308,14.148316932319574,0.6758457148787013,0.35143517841955924,2.6305930030785944
855_img_.png,HE (Luminance),0.6780419498682022,18.198661682756217,0.7268686975571396,0.3389210486483847,1.9534674175548157
855_img_.png,CLAHE,1.8879999406635761,16.385332770538753,0.7732837785079125,0.25557953994433824,2.3915786568441972
855_img_.png,Gray-World WB,4.211250226944685,14.83325578793605,0.7567179409706363,0.17784149774499336,1.9518307107778827
855_img_.png,Underwater WB,6.401333026587963,14.206467768766943,0.786057681407278,0.1613416192214108,1.929794852376625
855_img_.png,Pipeline (WB + CLAHE),12.282832991331816,19.61292295833865,0.8030539609167304,0.3112981496137431,3.013487067357606
855_img_.png,Reference,0.11229189112782478,,,0.31802411749547843,2.553034309817402
856_img_.png,Raw input,0.03095809370279312,17.541541363602033,0.8515389965561071,0.3177059096366184,2.7285457880807167
856_img_.png,HE (RGB),0.23304158821702003,21.392935434276446,0.9486997295390788,0.3541577355217118,2.8558159939924037
856_img_.png,HE (Luminance),0.5433750338852406,16.354324908526582,0.8265318732088859,0.3453674928765996,2.6546832203467785
856_img_.png,CLAHE,0.6630420684814453,16.043516616585123,0.803735448249674,0.3164273067539049,2.8919613128824664
856_img_.png,Gray-World WB,1.6827909275889397,20.216050128857653,0.860064976224662,0.29982244143054626,2.6864016322217665
856_img_.png,Underwater WB,1.9097081385552883,20.087916266464735,0.8600413165808427,0.3010653450500761,2.7070483279039252
856_img_.png,Pipeline (WB + CLAHE),4.119625315070152,16.353165355167345,0.80205851529788,0.32409087918181834,2.9981601973312335
856_img_.png,Reference,0.09858421981334686,,,0.352443031791149,2.7375640263787377
863_img_.png,Raw input,0.0006663613021373749,29.41965057983936,0.9823301639564521,0.2847668794043748,2.8339817578702715
863_img_.png,HE (RGB),0.5486253648996353,17.58477264535235,0.8318283000739631,0.3816663952891158,3.2441256856420226
863_img_.png,HE (Luminance),1.1894172057509422,18.382210419186144,0.7952603687318599,0.3475932514773384,2.843757357493033
863_img_.png,CLAHE,1.0836250148713589,20.070646353525827,0.8517805441110161,0.3194038102669582,3.013068849109139
863_img_.png,Gray-World WB,4.106207750737667,21.748806086227855,0.9622369109619276,0.2770667006879844,2.79973298980379
863_img_.png,Underwater WB,6.879457738250494,21.614899606929598,0.9623351440960342,0.2767675667628888,2.792561560279849
863_img_.png,Pipeline (WB + CLAHE),12.622582726180553,20.616370413304658,0.8452613564595328,0.33575153080228315,3.1033047528504536
863_img_.png,Reference,0.1004580408334732,,,0.3224518928930742,2.844209122404566
867_img_.png,Raw input,0.34354161471128464,13.31387597453839,0.6475845200465757,0.2471352486926659,1.2173706530507058
867_img_.png,HE (RGB),2.0592501387000084,12.530991444784243,0.5774697069961179,0.3756244674785954,2.1426000653413793
867_img_.png,HE (Luminance),1.2473328970372677,14.394074061841343,0.6870107931059023,0.3360661459567864,1.4348808528688486
867_img_.png,CLAHE,1.7097918316721916,14.706458488780893,0.7007553459416704,0.2825175056773025,1.822538679112914
867_img_.png,Gray-World WB,5.1006656140089035,11.744547914457042,0.6061789211253484,0.2357252223131429,1.9812557708757597
867_img_.png,Underwater WB,7.968958001583815,16.91921988592899,0.8763301195083534,0.1933815462083038,1.5339578495980262
867_img_.png,Pipeline (WB + CLAHE),14.446333050727844,18.432361037445894,0.8309162682911752,0.31126426785378936,2.3456184525139325
867_img_.png,Reference,0.0009997747838497162,,,0.31074491827849193,1.8727317424227743
876_img_.png,Raw input,0.4422091878950596,20.645863397133034,0.9402096421869287,0.28152673857891153,2.5925685393317095
876_img_.png,HE (RGB),0.6793751381337643,22.32349868426956,0.926022778451577,0.3211924877553785,2.7071682951630596
876_img_.png,HE (Luminance),0.7808338850736618,22.472214460305437,0.9290175464473253,0.3229047034730763,2.5936742551795504
876_img_.png,CLAHE,1.986958086490631,18.2618588956404,0.8469001944111924,0.3013785272342992,2.8179971339877605
876_img_.png,Gray-World WB,5.176708102226257,20.555947097357638,0.9427705677159782,0.25829305791912105,2.5587058087095373
876_img_.png,Underwater WB,7.23999971523881,21.98427718409903,0.9471469441698753,0.2597452004498031,2.5682830791637894
876_img_.png,Pipeline (WB + CLAHE),14.147625304758549,20.847083746377855,0.8455957384342906,0.3049680424830003,2.9261239081028743
876_img_.png,Reference,0.2587921917438507,,,0.31423178267542423,2.573512428516317
880_img_.png,Raw input,0.021832995116710663,17.627620194928188,0.810731906134493,0.26990674435048717,2.4207670349535224
880_img_.png,HE (RGB),2.318916842341423,19.18786499909796,0.8235518282217456,0.3052734845239626,2.8389369689200716
880_img_.png,HE (Luminance),1.092749647796154,18.173501233450455,0.8750230285129547,0.35504134681287236,2.6670938562714523
880_img_.png,CLAHE,1.7003342509269714,16.846878866097764,0.798781226784552,0.2912967468556447,2.8402629545217772
880_img_.png,Gray-World WB,5.464792251586914,18.365135841280672,0.808232840199221,0.2515868766172541,2.6264523821313697
880_img_.png,Underwater WB,8.680792059749365,18.87136062503299,0.8087281667816587,0.24551586951925441,2.595608858358081
880_img_.png,Pipeline (WB + CLAHE),13.865916058421135,18.222251672639572,0.7538056468336144,0.3247301232980338,3.1030280466858122
880_img_.png,Reference,0.4089171998202801,,,0.34912849602644525,2.8491791340862402
890.png,Raw input,0.41791703552007675,10.548991362483267,0.7056196935872334,0.18916825088627554,1.6077105665152214
890.png,HE (RGB),0.9659999050199986,17.090927553631836,0.7320437026005425,0.3247260376222303,2.126172099171816
890.png,HE (Luminance),1.5773330815136433,14.359287263343756,0.693574388121872,0.32312718120759576,1.9189012268089547
890.png,CLAHE,1.0632919147610664,12.128858389279053,0.8139725841950626,0.22739569159673234,2.269864450370086
890.png,Gray-World WB,3.934584092348814,11.506491772443134,0.7592043496723383,0.13952067237285284,1.587449169959437
890.png,Underwater WB,6.6247498616576195,12.432870406931533,0.7943097251839464,0.13022934237129383,1.5572659639281459
890.png,Pipeline (WB + CLAHE),11.461624875664711,18.945437912302662,0.7906600378624189,0.28104593904436065,2.6210007231728505
890.png,Reference,0.0012922100722789764,,,0.26288584896132466,2.1890269047095017
907_img_.png,Raw input,0.0012917444109916687,14.443552486834449,0.5283218354912945,0.13540513009790994,1.503440840886563
907_img_.png,HE (RGB),1.4890828169882298,17.5674742939495,0.8530837497039897,0.3512897792694575,2.5010360999796104
907_img_.png,HE (Luminance),1.7772503197193146,16.260761644285463,0.7152590144457495,0.35495713694883013,2.565675461239835
907_img_.png,CLAHE,1.642541028559208,15.707062910201785,0.692591573289334,0.17299559470427678,2.3053991937162763
907_img_.png,Gray-World WB,4.746332764625549,15.017404291202672,0.5360137135105477,0.08286625666170644,1.396694339774813
907_img_.png,Underwater WB,7.234750315546989,14.934798425122418,0.5287930314510282,0.08212936860443137,1.361794025528804
907_img_.png,Pipeline (WB + CLAHE),13.120666146278381,26.532808570579288,0.9403720135566304,0.3126657370881288,3.1691804430248536
907_img_.png,Reference,0.0009583309292793274,,,0.31527567231658477,3.113119073266092
913_img_.png,Raw input,0.15062466263771057,17.338518462077296,0.7958281081247737,0.30669223604473295,3.174329896879457
913_img_.png,HE (RGB),0.5285418592393398,16.87653555314499,0.6873427128793642,0.3409555290738805,3.3018217524092224
913_img_.png,HE (Luminance),0.46404171735048294,15.872078814416465,0.7035462102908534,0.3466327570779818,2.95780596440612
913_img_.png,CLAHE,0.7570828311145306,15.165970005334628,0.7000814365118625,0.3121116647470248,3.13032328806612
913_img_.png,Gray-World WB,3.09233320876956,20.968079137674728,0.8148745109446612,0.28326990976896343,3.1284686665715755
913_img_.png,Underwater WB,4.21058339998126,21.804085880533037,0.8328223396537543,0.2778142031258461,3.106037280534661
913_img_.png,Pipeline (WB + CLAHE),8.731499779969454,19.37727431900486,0.7762905539777282,0.3299158039120448,3.299964010360058
913_img_.png,Reference,0.0007501803338527679,,,0.33235968048857273,3.2810576737435233
