param,value,PSNR,SSIM,UCIQE,UIQM
clip_limit,0.0,22.1209,0.8941,0.331,2.5577
clip_limit,1.0,21.496,0.889,0.3281,2.8695
clip_limit,2.0,19.7203,0.8335,0.328,2.9543
clip_limit,3.0,18.1289,0.7819,0.3279,2.986
clip_limit,4.0,17.1623,0.7442,0.3277,3.0001
clip_limit,6.0,16.0743,0.6967,0.3273,3.017
red_alpha,0.0,19.1807,0.8011,0.3337,2.9254
red_alpha,0.5,19.8368,0.8287,0.33,2.948
red_alpha,1.0,19.7203,0.8335,0.328,2.9543
red_alpha,1.5,19.5028,0.8337,0.3271,2.9551
red_alpha,2.0,19.2083,0.8316,0.3262,2.9543
