,PSNR,PSNR,SSIM,SSIM,UCIQE,UCIQE,UIQM,UIQM,time_ms,time_ms
,mean,std,mean,std,mean,std,mean,std,mean,std
method,,,,,,,,,,
Raw input,17.6862,4.2822,0.7743,0.1302,0.2588,0.0662,2.4088,0.6152,0.1308,0.1869
HE (RGB),16.7151,3.4658,0.7922,0.127,0.3562,0.0253,2.8134,0.5253,1.1421,0.6224
HE (Luminance),16.4655,2.9907,0.7788,0.1173,0.3385,0.0221,2.4591,0.5296,1.0312,0.4783
CLAHE,17.9499,3.859,0.8208,0.0889,0.2909,0.0515,2.7444,0.4786,1.3793,0.503
Gray-World WB,17.3625,3.9445,0.7694,0.1322,0.2385,0.0701,2.4655,0.556,4.1244,1.2954
Underwater WB,17.871,3.6615,0.8012,0.1195,0.2283,0.0721,2.4433,0.599,6.236,2.0239
Pipeline (WB + CLAHE),19.7203,3.9318,0.8335,0.0885,0.328,0.0311,2.9543,0.3574,12.2964,4.108
Reference,,,,,0.3193,0.0482,2.78,0.4908,0.1675,0.1854
