A,B,metric,median_diff,p
Pipeline (WB + CLAHE),Raw input,PSNR,2.0646942553527,0.0002437939908238644
Pipeline (WB + CLAHE),Raw input,SSIM,0.0519733020293775,0.0022125636913517266
Pipeline (WB + CLAHE),Raw input,UCIQE,0.056266563254370267,4.3422989190124274e-17
Pipeline (WB + CLAHE),Raw input,UIQM,0.4890295346418887,4.740894578260087e-17
Pipeline (WB + CLAHE),CLAHE,PSNR,1.25398879633887,2.0122895164012965e-05
Pipeline (WB + CLAHE),CLAHE,SSIM,0.006993966337375368,0.060473513867824014
Pipeline (WB + CLAHE),CLAHE,UCIQE,0.02184388998756176,5.482689176458315e-15
Pipeline (WB + CLAHE),CLAHE,UIQM,0.13008949174202988,1.1720436023075122e-13
Pipeline (WB + CLAHE),Underwater WB,PSNR,1.633055275308295,0.00026071210002751277
Pipeline (WB + CLAHE),Underwater WB,SSIM,-0.003928591274548143,0.26972230853401546
Pipeline (WB + CLAHE),Underwater WB,UCIQE,0.09215198824519297,4.0161556854627e-18
Pipeline (WB + CLAHE),Underwater WB,UIQM,0.4528691688008286,1.3883907150473852e-16
Pipeline (WB + CLAHE),HE (RGB),PSNR,3.28168970196654,1.282935927699521e-07
Pipeline (WB + CLAHE),HE (RGB),SSIM,0.05602807710092389,0.0003311716178731558
Pipeline (WB + CLAHE),HE (RGB),UCIQE,-0.027817269888273433,4.8161440546578326e-14
Pipeline (WB + CLAHE),HE (RGB),UIQM,0.14642021603826216,5.850754041320781e-06
